codec,scale,width,height,crf,preset,gop,compressed_size,rate,segnet_dist,posenet_dist,segnet_score,posenet_score,rate_score,total_score,encode_time,decode_time,upscale_time,inference_time,total_time,status
svtav1,384x288,384,288,26,4,60,146204,0.02336430,0.00548121,0.63285458,0.5481,2.5157,0.5841,3.6479,1.09,0.60,0.58,9.79,12.22,ok
svtav1,384x288,384,288,26,4,120,148132,0.02367240,0.00532033,0.51606971,0.5320,2.2717,0.5918,3.3956,1.18,0.56,0.43,1.82,4.14,ok
svtav1,384x288,384,288,26,4,180,147597,0.02358691,0.00531377,0.52280492,0.5314,2.2865,0.5897,3.4075,1.39,0.58,0.47,1.87,4.47,ok
svtav1,384x288,384,288,26,4,200,149139,0.02383333,0.00515696,0.51051491,0.5157,2.2595,0.5958,3.3710,1.31,0.56,0.46,1.87,4.35,ok
svtav1,384x288,384,288,27,4,60,135683,0.02168298,0.00559814,0.68681723,0.5598,2.6207,0.5421,3.7226,1.13,0.51,0.46,1.88,4.13,ok
svtav1,384x288,384,288,27,4,120,136596,0.02182888,0.00548559,0.56058937,0.5486,2.3677,0.5457,3.4620,1.04,0.47,0.45,1.83,3.93,ok
svtav1,384x288,384,288,27,4,180,136262,0.02177551,0.00566961,0.56310272,0.5670,2.3730,0.5444,3.4843,1.29,0.57,0.40,1.80,4.21,ok
svtav1,384x288,384,288,27,4,200,137050,0.02190143,0.00557536,0.55502713,0.5575,2.3559,0.5475,3.4610,1.38,0.62,0.41,1.76,4.31,ok
svtav1,384x288,384,288,28,4,60,125830,0.02010841,0.00569326,0.54998440,0.5693,2.3452,0.5027,3.4172,1.07,0.43,0.45,1.80,3.90,ok
svtav1,384x288,384,288,28,4,120,128031,0.02046014,0.00560720,0.58470923,0.5607,2.4181,0.5115,3.4903,1.08,0.44,0.40,1.95,4.08,ok
svtav1,384x288,384,288,28,4,180,127887,0.02043713,0.00592265,0.57947707,0.5923,2.4072,0.5109,3.5104,1.35,0.50,0.42,1.84,4.26,ok
svtav1,384x288,384,288,28,4,200,128412,0.02052103,0.00578461,0.60111660,0.5785,2.4518,0.5130,3.5433,1.26,0.49,0.41,1.78,4.08,ok
svtav1,384x288,384,288,29,4,60,117964,0.01885137,0.00580388,0.55847001,0.5804,2.3632,0.4713,3.4149,1.07,0.43,0.41,1.88,3.96,ok
svtav1,384x288,384,288,29,4,120,120069,0.01918776,0.00576589,0.53337765,0.5766,2.3095,0.4797,3.3658,1.08,0.49,0.46,1.80,3.97,ok
svtav1,384x288,384,288,29,4,180,119612,0.01911473,0.00578176,0.51403475,0.5782,2.2672,0.4779,3.3233,1.21,0.47,0.44,1.91,4.16,ok
svtav1,384x288,384,288,29,4,200,119565,0.01910722,0.00571131,0.50164914,0.5711,2.2398,0.4777,3.2886,1.23,0.53,0.60,1.95,4.47,ok
svtav1,384x288,384,288,30,4,60,111223,0.01777412,0.00616221,0.66000009,0.6162,2.5690,0.4444,3.6296,1.16,0.54,0.51,1.87,4.24,ok
svtav1,384x288,384,288,30,4,120,112069,0.01790932,0.00592890,0.46446303,0.5929,2.1551,0.4477,3.1958,1.24,0.78,0.43,1.83,4.43,ok
svtav1,384x288,384,288,30,4,180,111887,0.01788023,0.00608714,0.47785458,0.6087,2.1860,0.4470,3.2417,1.42,0.43,0.41,1.83,4.23,ok
svtav1,384x288,384,288,30,4,200,112765,0.01802054,0.00615265,0.50881612,0.6153,2.2557,0.4505,3.3215,1.36,0.50,0.42,1.77,4.22,ok
svtav1,384x288,384,288,31,4,60,103120,0.01647921,0.00622330,0.63398522,0.6223,2.5179,0.4120,3.5522,1.09,0.46,0.48,1.84,4.16,ok
svtav1,384x288,384,288,31,4,120,104230,0.01665659,0.00627579,0.54199052,0.6276,2.3281,0.4164,3.3721,1.14,0.64,0.45,1.91,4.31,ok
svtav1,384x288,384,288,31,4,180,104343,0.01667465,0.00617767,0.54880756,0.6178,2.3427,0.4169,3.3773,1.41,0.63,0.41,1.81,4.41,ok
svtav1,384x288,384,288,31,4,200,104729,0.01673634,0.00642029,0.54492062,0.6420,2.3344,0.4184,3.3948,1.27,0.58,0.48,1.82,4.30,ok
svtav1,384x288,384,288,32,4,60,95876,0.01532157,0.00640854,0.73352522,0.6409,2.7084,0.3830,3.7323,1.00,0.46,0.40,1.83,3.85,ok
svtav1,384x288,384,288,32,4,120,95993,0.01534027,0.00618566,0.68644631,0.6186,2.6200,0.3835,3.6221,1.18,0.47,0.42,1.80,4.03,ok
svtav1,384x288,384,288,32,4,180,96499,0.01542113,0.00639867,0.66413361,0.6399,2.5771,0.3855,3.6025,1.37,0.59,0.47,1.72,4.29,ok
svtav1,384x288,384,288,32,4,200,96629,0.01544191,0.00620407,0.70599425,0.6204,2.6571,0.3860,3.6635,1.32,0.98,0.55,1.82,4.84,ok
svtav1,384x288,384,288,33,4,60,89800,0.01435059,0.00668538,0.71380413,0.6685,2.6717,0.3588,3.6990,1.09,0.76,0.45,1.85,4.29,ok
svtav1,384x288,384,288,33,4,120,90504,0.01446310,0.00680532,0.55009061,0.6805,2.3454,0.3616,3.3875,1.17,0.45,0.40,1.80,3.97,ok
svtav1,384x288,384,288,33,4,180,90486,0.01446022,0.00677317,0.55432129,0.6773,2.3544,0.3615,3.3932,1.36,0.48,0.41,1.74,4.17,ok
svtav1,384x288,384,288,33,4,200,90360,0.01444008,0.00654358,0.53717893,0.6544,2.3177,0.3610,3.3331,1.35,0.58,0.47,1.82,4.37,ok
svtav1,384x288,384,288,34,4,60,84707,0.01353670,0.00691177,0.73249656,0.6912,2.7065,0.3384,3.7361,1.08,0.47,0.41,1.82,3.91,ok
svtav1,384x288,384,288,34,4,120,84032,0.01342883,0.00660009,0.69560623,0.6600,2.6374,0.3357,3.6332,1.13,0.45,0.42,1.79,3.93,ok
svtav1,384x288,384,288,34,4,180,84469,0.01349867,0.00685603,0.67621857,0.6856,2.6004,0.3375,3.6235,1.36,0.51,0.43,1.76,4.21,ok
svtav1,384x288,384,288,34,4,200,84287,0.01346958,0.00668625,0.70017266,0.6686,2.6461,0.3367,3.6514,1.31,0.45,0.41,1.78,4.11,ok
svtav1,384x288,384,288,35,4,60,78753,0.01258521,0.00734166,0.69405150,0.7342,2.6345,0.3146,3.6833,1.05,0.43,0.41,1.83,3.91,ok
svtav1,384x288,384,288,35,4,120,78567,0.01255549,0.00708888,0.60890037,0.7089,2.4676,0.3139,3.4904,1.22,0.43,0.41,1.76,3.97,ok
svtav1,384x288,384,288,35,4,180,79087,0.01263859,0.00719162,0.50622308,0.7192,2.2499,0.3160,3.2851,1.27,0.46,0.48,1.77,4.13,ok
svtav1,384x288,384,288,35,4,200,78461,0.01253855,0.00677755,0.53486687,0.6778,2.3127,0.3135,3.3039,1.32,0.56,0.40,1.81,4.23,ok
svtav1,384x288,384,288,36,4,60,73851,0.01180184,0.00728536,0.73744678,0.7285,2.7156,0.2950,3.7392,1.13,0.49,0.42,1.81,4.01,ok
svtav1,384x288,384,288,36,4,120,73223,0.01170149,0.00706924,0.62882638,0.7069,2.5076,0.2925,3.5071,1.14,0.48,0.40,1.76,3.93,ok
svtav1,384x288,384,288,36,4,180,73350,0.01172178,0.00739477,0.62853992,0.7395,2.5071,0.2930,3.5396,1.40,0.63,0.44,1.83,4.47,ok
svtav1,384x288,384,288,36,4,200,72427,0.01157428,0.00710459,0.65612501,0.7105,2.5615,0.2894,3.5613,1.42,0.51,0.42,1.72,4.22,ok
svtav1,384x288,384,288,37,4,60,69955,0.01117924,0.00744227,0.84553009,0.7442,2.9078,0.2795,3.9315,1.10,0.48,0.45,1.74,3.93,ok
svtav1,384x288,384,288,37,4,120,68787,0.01099259,0.00712947,0.80123943,0.7129,2.8306,0.2748,3.8184,1.19,0.55,0.48,2.00,4.37,ok
svtav1,384x288,384,288,37,4,180,69245,0.01106578,0.00730728,0.70447552,0.7307,2.6542,0.2766,3.6616,1.47,0.54,0.43,1.80,4.37,ok
svtav1,384x288,384,288,37,4,200,68467,0.01094145,0.00777832,0.70947933,0.7778,2.6636,0.2735,3.7150,1.35,0.47,0.42,1.85,4.28,ok
svtav1,384x288,384,288,38,4,60,65747,0.01050677,0.00766495,0.80233890,0.7665,2.8326,0.2627,3.8617,1.18,0.49,0.41,1.83,4.07,ok
svtav1,384x288,384,288,38,4,120,64166,0.01025412,0.00769323,0.83649206,0.7693,2.8922,0.2564,3.9179,1.15,0.55,0.48,1.78,4.11,ok
svtav1,384x288,384,288,38,4,180,65009,0.01038884,0.00750783,0.70796508,0.7508,2.6608,0.2597,3.6713,1.32,0.96,0.48,1.73,4.66,ok
svtav1,384x288,384,288,38,4,200,64350,0.01028353,0.00771515,0.68545139,0.7715,2.6181,0.2571,3.6467,1.35,0.45,0.45,1.71,4.11,ok
svtav1,384x288,384,288,39,4,60,62050,0.00991597,0.00764786,0.82650876,0.7648,2.8749,0.2479,3.8876,1.16,0.45,0.41,1.75,3.94,ok
svtav1,384x288,384,288,39,4,120,60420,0.00965549,0.00773254,0.81777424,0.7733,2.8597,0.2414,3.8743,1.27,0.44,0.41,1.71,3.98,ok
svtav1,384x288,384,288,39,4,180,60927,0.00973651,0.00764704,0.84725583,0.7647,2.9108,0.2434,3.9189,1.36,0.49,0.43,1.75,4.19,ok
svtav1,384x288,384,288,39,4,200,60113,0.00960643,0.00779048,0.85704565,0.7790,2.9275,0.2402,3.9467,1.33,0.44,0.41,1.79,4.15,ok
svtav1,384x288,384,288,40,4,60,58745,0.00938781,0.00810710,1.07993138,0.8107,3.2862,0.2347,4.3316,1.22,0.68,0.43,1.95,4.43,ok
svtav1,384x288,384,288,40,4,120,57057,0.00911806,0.00811320,0.71823388,0.8113,2.6800,0.2280,3.7193,1.12,0.56,0.40,1.84,4.05,ok
svtav1,384x288,384,288,40,4,180,57313,0.00915897,0.00800044,0.70029342,0.8000,2.6463,0.2290,3.6753,1.37,0.55,0.52,1.83,4.41,ok
svtav1,384x288,384,288,40,4,200,56499,0.00902889,0.00838730,0.72980607,0.8387,2.7015,0.2257,3.7659,1.46,0.56,0.41,1.81,4.39,ok
svtav1,384x288,384,288,41,4,60,55027,0.00879365,0.00843196,1.01742911,0.8432,3.1897,0.2198,4.2528,1.15,0.47,0.40,1.77,3.92,ok
svtav1,384x288,384,288,41,4,120,54330,0.00868227,0.00927958,0.95929909,0.9280,3.0973,0.2171,4.2423,1.34,0.50,0.40,1.75,4.15,ok
svtav1,384x288,384,288,41,4,180,54502,0.00870975,0.00844615,0.77447724,0.8446,2.7829,0.2177,3.8453,1.40,0.53,0.42,1.81,4.29,ok
svtav1,384x288,384,288,41,4,200,53763,0.00859166,0.00816981,0.83026505,0.8170,2.8814,0.2148,3.9132,1.39,0.44,0.49,1.85,4.39,ok
svtav1,416x312,416,312,26,4,60,167989,0.02684568,0.00509847,0.49056756,0.5098,2.2149,0.6711,3.3959,1.26,0.63,0.47,1.77,4.27,ok
svtav1,416x312,416,312,26,4,120,172371,0.02754595,0.00498261,0.42252743,0.4983,2.0555,0.6886,3.2425,1.23,0.51,0.42,1.82,4.13,ok
svtav1,416x312,416,312,26,4,180,173124,0.02766628,0.00510020,0.42544928,0.5100,2.0626,0.6917,3.2643,1.39,0.61,0.55,1.76,4.47,ok
svtav1,416x312,416,312,26,4,200,174440,0.02787658,0.00509323,0.42342108,0.5093,2.0577,0.6969,3.2640,1.50,0.71,0.44,1.75,4.56,ok
svtav1,416x312,416,312,27,4,60,154676,0.02471818,0.00540944,0.48140609,0.5409,2.1941,0.6180,3.3530,1.23,0.48,0.44,1.70,4.02,ok
svtav1,416x312,416,312,27,4,120,157941,0.02523994,0.00539220,0.43445250,0.5392,2.0844,0.6310,3.2546,1.37,0.53,0.42,1.72,4.19,ok
svtav1,416x312,416,312,27,4,180,158917,0.02539591,0.00539647,0.35806486,0.5396,1.8923,0.6349,3.0668,1.53,0.73,0.50,1.81,4.72,ok
svtav1,416x312,416,312,27,4,200,159871,0.02554837,0.00510813,0.34711307,0.5108,1.8631,0.6387,3.0126,1.53,0.98,0.50,1.84,5.02,ok
svtav1,416x312,416,312,28,4,60,143203,0.02288472,0.00554759,0.53177720,0.5548,2.3060,0.5721,3.4329,1.15,0.55,0.45,1.79,4.08,ok
svtav1,416x312,416,312,28,4,120,145725,0.02328775,0.00524246,0.42974138,0.5242,2.0730,0.5822,3.1795,1.17,0.49,0.42,1.80,4.02,ok
svtav1,416x312,416,312,28,4,180,146261,0.02337341,0.00535807,0.48502716,0.5358,2.2023,0.5843,3.3225,1.44,0.55,0.47,1.79,4.40,ok
svtav1,416x312,416,312,28,4,200,146005,0.02333250,0.00529978,0.48755926,0.5300,2.2081,0.5833,3.3214,1.42,0.63,0.43,1.76,4.39,ok
svtav1,416x312,416,312,29,4,60,135040,0.02158022,0.00567332,0.46641669,0.5673,2.1597,0.5395,3.2665,1.28,0.52,0.46,1.76,4.15,ok
svtav1,416x312,416,312,29,4,120,137220,0.02192860,0.00557571,0.42358297,0.5576,2.0581,0.5482,3.1639,1.24,0.51,0.42,1.78,4.10,ok
svtav1,416x312,416,312,29,4,180,137624,0.02199316,0.00556498,0.47835967,0.5565,2.1871,0.5498,3.2935,1.42,0.56,0.49,1.81,4.45,ok
svtav1,416x312,416,312,29,4,200,137921,0.02204062,0.00562012,0.42569426,0.5620,2.0632,0.5510,3.1763,1.38,0.69,0.45,1.82,4.49,ok
svtav1,416x312,416,312,30,4,60,126229,0.02017217,0.00575907,0.51163405,0.5759,2.2619,0.5043,3.3421,1.08,0.57,0.43,1.88,4.10,ok
svtav1,416x312,416,312,30,4,120,126989,0.02029362,0.00593338,0.41586685,0.5933,2.0393,0.5073,3.1400,1.14,0.52,0.41,1.77,3.98,ok
svtav1,416x312,416,312,30,4,180,127725,0.02041124,0.00564494,0.38142380,0.5645,1.9530,0.5103,3.0278,1.72,0.77,0.45,1.86,4.95,ok
svtav1,416x312,416,312,30,4,200,127916,0.02044176,0.00580465,0.42624462,0.5805,2.0646,0.5110,3.1561,1.63,0.98,0.51,1.88,5.15,ok
svtav1,416x312,416,312,31,4,60,117822,0.01882868,0.00595556,0.45481288,0.5956,2.1326,0.4707,3.1989,1.13,0.77,0.55,1.87,4.47,ok
svtav1,416x312,416,312,31,4,120,118593,0.01895189,0.00585927,0.45888001,0.5859,2.1421,0.4738,3.2019,1.28,0.55,0.44,1.77,4.21,ok
svtav1,416x312,416,312,31,4,180,118965,0.01901134,0.00579900,0.39039642,0.5799,1.9758,0.4753,3.0310,1.40,0.70,0.46,1.76,4.51,ok
svtav1,416x312,416,312,31,4,200,119284,0.01906232,0.00613556,0.40175009,0.6136,2.0044,0.4766,3.0945,1.41,0.57,0.47,1.78,4.38,ok
svtav1,416x312,416,312,32,4,60,108453,0.01733146,0.00630295,0.64837754,0.6303,2.5463,0.4333,3.6099,1.08,0.47,0.42,1.82,3.94,ok
svtav1,416x312,416,312,32,4,120,108605,0.01735575,0.00610621,0.48116457,0.6106,2.1935,0.4339,3.2381,1.17,0.68,0.45,1.82,4.26,ok
svtav1,416x312,416,312,32,4,180,109983,0.01757596,0.00607666,0.52446401,0.6077,2.2901,0.4394,3.3372,1.34,0.62,0.43,1.78,4.34,ok
svtav1,416x312,416,312,32,4,200,109711,0.01753249,0.00629634,0.56051528,0.6296,2.3675,0.4383,3.4355,1.46,0.62,0.43,1.74,4.44,ok
svtav1,416x312,416,312,33,4,60,101485,0.01621793,0.00647761,0.53418541,0.6478,2.3112,0.4054,3.3645,1.23,0.70,0.42,1.78,4.27,ok
svtav1,416x312,416,312,33,4,120,101617,0.01623902,0.00630122,0.40899867,0.6301,2.0224,0.4060,3.0585,1.17,0.55,0.42,1.81,4.09,ok
svtav1,416x312,416,312,33,4,180,102489,0.01637837,0.00635274,0.40082443,0.6353,2.0021,0.4095,3.0468,1.36,0.48,0.47,1.83,4.32,ok
svtav1,416x312,416,312,33,4,200,102284,0.01634561,0.00634201,0.40375984,0.6342,2.0094,0.4086,3.0522,1.39,0.61,0.47,1.82,4.43,ok
svtav1,416x312,416,312,34,4,60,95566,0.01527203,0.00663971,0.56243390,0.6640,2.3716,0.3818,3.4173,1.13,0.60,0.43,1.84,4.16,ok
svtav1,416x312,416,312,34,4,120,95960,0.01533500,0.00671565,0.52630585,0.6716,2.2941,0.3834,3.3491,1.30,0.53,0.52,1.81,4.33,ok
svtav1,416x312,416,312,34,4,180,96484,0.01541874,0.00661652,0.50702840,0.6617,2.2517,0.3855,3.2988,1.42,0.59,0.45,1.79,4.41,ok
svtav1,416x312,416,312,34,4,200,95761,0.01530320,0.00697372,0.45673731,0.6974,2.1371,0.3826,3.2171,1.55,0.59,0.44,1.74,4.48,ok
svtav1,416x312,416,312,35,4,60,88863,0.01420085,0.00676926,0.70082295,0.6769,2.6473,0.3550,3.6793,1.39,0.88,0.45,1.77,4.63,ok
svtav1,416x312,416,312,35,4,120,88457,0.01413597,0.00670110,0.46999484,0.6701,2.1679,0.3534,3.1914,1.25,0.65,0.44,1.76,4.25,ok
svtav1,416x312,416,312,35,4,180,89115,0.01424112,0.00655716,0.51403916,0.6557,2.2672,0.3560,3.2790,1.41,0.62,0.49,1.77,4.44,ok
svtav1,416x312,416,312,35,4,200,88139,0.01408515,0.00681875,0.53552610,0.6819,2.3141,0.3521,3.3481,1.56,0.68,0.47,1.80,4.71,ok
svtav1,416x312,416,312,36,4,60,83106,0.01328085,0.00686951,0.73378593,0.6870,2.7088,0.3320,3.7278,1.27,0.64,0.49,1.77,4.31,ok
svtav1,416x312,416,312,36,4,120,82329,0.01315668,0.00707214,0.59376502,0.7072,2.4367,0.3289,3.4729,1.29,0.61,0.42,1.77,4.24,ok
svtav1,416x312,416,312,36,4,180,82695,0.01321517,0.00688395,0.73196816,0.6884,2.7055,0.3304,3.7243,1.42,0.50,0.46,1.72,4.24,ok
svtav1,416x312,416,312,36,4,200,81987,0.01310203,0.00682388,0.56095093,0.6824,2.3684,0.3276,3.3784,1.58,0.62,0.45,1.77,4.55,ok
svtav1,416x312,416,312,37,4,60,78544,0.01255181,0.00768244,0.68752176,0.7682,2.6221,0.3138,3.7041,1.31,0.52,0.43,1.87,4.28,ok
svtav1,416x312,416,312,37,4,120,77556,0.01239393,0.00703196,0.49611521,0.7032,2.2274,0.3098,3.2404,1.21,0.57,0.42,1.77,4.11,ok
svtav1,416x312,416,312,37,4,180,77709,0.01241838,0.00753179,0.55216610,0.7532,2.3498,0.3105,3.4135,1.54,0.78,0.45,1.72,4.62,ok
svtav1,416x312,416,312,37,4,200,76710,0.01225873,0.00725571,0.54607391,0.7256,2.3368,0.3065,3.3689,1.50,0.59,0.46,1.83,4.52,ok
svtav1,416x312,416,312,38,4,60,73457,0.01173888,0.00757395,0.78273809,0.7574,2.7977,0.2935,3.8486,1.21,0.47,0.50,1.82,4.18,ok
svtav1,416x312,416,312,38,4,120,72665,0.01161231,0.00747386,0.61916173,0.7474,2.4883,0.2903,3.5260,1.39,0.61,0.45,1.77,4.38,ok
svtav1,416x312,416,312,38,4,180,73003,0.01166633,0.00735469,0.52798581,0.7355,2.2978,0.2917,3.3249,1.38,0.54,0.47,1.79,4.32,ok
svtav1,416x312,416,312,38,4,200,72421,0.01157332,0.00758458,0.67490989,0.7585,2.5979,0.2893,3.6457,1.46,0.77,0.68,1.74,4.80,ok
svtav1,416x312,416,312,39,4,60,68872,0.01100617,0.00811025,0.61596268,0.8110,2.4819,0.2752,3.5680,1.29,0.61,0.43,1.73,4.22,ok
svtav1,416x312,416,312,39,4,120,67493,0.01078580,0.00733317,0.47198150,0.7333,2.1725,0.2696,3.1755,1.32,0.56,0.45,1.81,4.30,ok
svtav1,416x312,416,312,39,4,180,67750,0.01082687,0.00762741,0.45540258,0.7627,2.1340,0.2707,3.1674,1.55,0.63,0.45,1.77,4.54,ok
svtav1,416x312,416,312,39,4,200,67247,0.01074648,0.00711624,0.47935751,0.7116,2.1894,0.2687,3.1697,1.49,0.56,0.51,1.74,4.44,ok
svtav1,416x312,416,312,40,4,60,65055,0.01039619,0.00760656,0.74452358,0.7607,2.7286,0.2599,3.7492,1.28,0.92,0.47,1.78,4.60,ok
svtav1,416x312,416,312,40,4,120,63903,0.01021209,0.00789927,0.59106487,0.7899,2.4312,0.2553,3.4764,1.31,0.50,0.42,1.83,4.20,ok
svtav1,416x312,416,312,40,4,180,63873,0.01020730,0.00758474,0.74610472,0.7585,2.7315,0.2552,3.7451,1.62,0.48,0.41,1.80,4.47,ok
svtav1,416x312,416,312,40,4,200,62751,0.01002800,0.00761429,0.72317940,0.7614,2.6892,0.2507,3.7013,1.78,0.55,0.46,1.76,4.70,ok
svtav1,416x312,416,312,41,4,60,61024,0.00975201,0.00759471,0.66999495,0.7595,2.5884,0.2438,3.5917,1.22,0.59,0.46,1.79,4.24,ok
svtav1,416x312,416,312,41,4,120,60141,0.00961090,0.00758596,0.50213826,0.7586,2.2408,0.2403,3.2397,1.52,0.86,0.62,1.97,5.14,ok
svtav1,416x312,416,312,41,4,180,60566,0.00967882,0.00770976,0.60519820,0.7710,2.4601,0.2420,3.4730,1.93,0.63,0.47,1.93,5.12,ok
svtav1,416x312,416,312,41,4,200,59648,0.00953212,0.00773168,0.58080316,0.7732,2.4100,0.2383,3.4215,1.70,0.74,0.45,1.91,4.95,ok
svtav1,440x330,440,330,26,4,60,190580,0.03045586,0.00483505,0.40082309,0.4835,2.0021,0.7614,3.2470,1.28,0.64,0.45,1.78,4.32,ok
svtav1,440x330,440,330,26,4,120,194048,0.03101006,0.00473623,0.33317229,0.4736,1.8253,0.7753,3.0742,1.82,0.92,0.46,1.78,5.18,ok
svtav1,440x330,440,330,26,4,180,195088,0.03117626,0.00468531,0.35096303,0.4685,1.8734,0.7794,3.1213,1.86,0.59,0.45,1.76,4.81,ok
svtav1,440x330,440,330,26,4,200,197572,0.03157322,0.00463562,0.35531691,0.4636,1.8850,0.7893,3.1379,1.62,0.58,0.42,1.73,4.50,ok
svtav1,440x330,440,330,27,4,60,173954,0.02779892,0.00495026,0.41683799,0.4950,2.0417,0.6950,3.2317,1.43,0.69,0.45,1.79,4.57,ok
svtav1,440x330,440,330,27,4,120,178272,0.02848896,0.00478073,0.36729243,0.4781,1.9165,0.7122,3.1068,1.43,0.59,0.50,1.82,4.51,ok
svtav1,440x330,440,330,27,4,180,179119,0.02862432,0.00483760,0.38512072,0.4838,1.9624,0.7156,3.1618,1.49,0.54,0.48,1.79,4.45,ok
svtav1,440x330,440,330,27,4,200,179701,0.02871732,0.00478734,0.38413537,0.4787,1.9599,0.7179,3.1566,1.61,0.56,0.52,1.80,4.63,ok
svtav1,440x330,440,330,28,4,60,160030,0.02557378,0.00504644,0.49279967,0.5046,2.2199,0.6393,3.3639,1.24,0.62,0.45,1.81,4.27,ok
svtav1,440x330,440,330,28,4,120,163508,0.02612958,0.00500626,0.42830062,0.5006,2.0695,0.6532,3.2234,1.35,0.49,0.50,1.86,4.37,ok
svtav1,440x330,440,330,28,4,180,164553,0.02629658,0.00495509,0.42731589,0.4955,2.0672,0.6574,3.2201,1.63,0.53,0.43,1.83,4.59,ok
svtav1,440x330,440,330,28,4,200,165606,0.02646486,0.00492549,0.43403423,0.4925,2.0833,0.6616,3.2375,1.54,0.62,0.47,1.85,4.66,ok
svtav1,440x330,440,330,29,4,60,149753,0.02393145,0.00532791,0.49505910,0.5328,2.2250,0.5983,3.3561,1.40,0.56,0.45,1.80,4.38,ok
svtav1,440x330,440,330,29,4,120,151868,0.02426944,0.00524714,0.49814686,0.5247,2.2319,0.6067,3.3634,1.36,0.61,0.44,1.76,4.33,ok
svtav1,440x330,440,330,29,4,180,152622,0.02438993,0.00518590,0.46764800,0.5186,2.1625,0.6097,3.2909,1.59,0.74,0.52,1.84,4.85,ok
svtav1,440x330,440,330,29,4,200,154001,0.02461031,0.00520691,0.45085791,0.5207,2.1233,0.6153,3.2593,1.85,0.98,0.47,1.77,5.22,ok
svtav1,440x330,440,330,30,4,60,139409,0.02227842,0.00534419,0.47120368,0.5344,2.1707,0.5570,3.2621,1.38,0.60,0.48,1.82,4.46,ok
svtav1,440x330,440,330,30,4,120,140833,0.02250598,0.00529785,0.44822836,0.5298,2.1171,0.5626,3.2096,1.39,0.52,0.49,1.85,4.41,ok
svtav1,440x330,440,330,30,4,180,141486,0.02261033,0.00529114,0.41514432,0.5291,2.0375,0.5653,3.1319,1.55,0.55,0.44,1.76,4.43,ok
svtav1,440x330,440,330,30,4,200,142203,0.02272491,0.00520920,0.41033718,0.5209,2.0257,0.5681,3.1147,1.49,0.94,0.53,1.81,4.91,ok
svtav1,440x330,440,330,31,4,60,128720,0.02057025,0.00574005,0.52669406,0.5740,2.2950,0.5143,3.3832,1.24,0.53,0.43,1.81,4.15,ok
svtav1,440x330,440,330,31,4,120,130483,0.02085199,0.00547241,0.43018320,0.5472,2.0741,0.5213,3.1426,1.33,0.62,0.47,1.84,4.46,ok
svtav1,440x330,440,330,31,4,180,132314,0.02114459,0.00556671,0.50376362,0.5567,2.2445,0.5286,3.3298,1.69,0.58,0.44,1.88,4.75,ok
svtav1,440x330,440,330,31,4,200,132681,0.02120324,0.00552322,0.48392573,0.5523,2.1998,0.5301,3.2822,1.66,0.87,0.54,1.94,5.18,ok
svtav1,440x330,440,330,32,4,60,118829,0.01898960,0.00589325,0.45789725,0.5893,2.1399,0.4747,3.2039,1.62,0.97,0.47,1.92,5.27,ok
svtav1,440x330,440,330,32,4,120,120030,0.01918153,0.00560191,0.47653139,0.5602,2.1830,0.4795,3.2227,1.48,0.70,0.47,1.85,4.65,ok
svtav1,440x330,440,330,32,4,180,120280,0.01922148,0.00573634,0.50960267,0.5736,2.2574,0.4805,3.3116,1.61,1.01,0.52,1.81,5.10,ok
svtav1,440x330,440,330,32,4,200,120688,0.01928668,0.00557566,0.49585336,0.5576,2.2268,0.4822,3.2665,1.51,0.50,0.45,1.87,4.54,ok
svtav1,440x330,440,330,33,4,60,111622,0.01783788,0.00595785,0.62108701,0.5958,2.4922,0.4459,3.5339,1.23,0.55,0.44,1.86,4.24,ok
svtav1,440x330,440,330,33,4,120,112247,0.01793776,0.00602793,0.59320474,0.6028,2.4356,0.4484,3.4868,1.49,1.10,0.47,1.92,5.14,ok
svtav1,440x330,440,330,33,4,180,113480,0.01813480,0.00586512,0.59699446,0.5865,2.4433,0.4534,3.4832,1.58,0.82,0.49,1.90,4.94,ok
svtav1,440x330,440,330,33,4,200,113649,0.01816181,0.00574366,0.57115579,0.5744,2.3899,0.4540,3.4183,1.54,0.67,0.45,1.84,4.66,ok
svtav1,440x330,440,330,34,4,60,103895,0.01660306,0.00611750,0.71459985,0.6118,2.6732,0.4151,3.7000,1.22,0.64,0.43,1.79,4.23,ok
svtav1,440x330,440,330,34,4,120,105151,0.01680378,0.00622360,0.56350064,0.6224,2.3738,0.4201,3.4163,1.23,0.60,0.63,1.88,4.52,ok
svtav1,440x330,440,330,34,4,180,106298,0.01698707,0.00592789,0.50619274,0.5928,2.2499,0.4247,3.2673,1.46,0.63,0.46,1.85,4.55,ok
svtav1,440x330,440,330,34,4,200,106523,0.01702303,0.00598028,0.52204376,0.5980,2.2848,0.4256,3.3084,1.50,0.61,0.48,1.87,4.59,ok
svtav1,440x330,440,330,35,4,60,97609,0.01559852,0.00638743,0.58905464,0.6387,2.4270,0.3900,3.4558,1.30,0.83,0.49,1.86,4.62,ok
svtav1,440x330,440,330,35,4,120,98069,0.01567203,0.00612274,0.48363495,0.6123,2.1992,0.3918,3.2032,1.26,0.59,0.61,1.88,4.49,ok
svtav1,440x330,440,330,35,4,180,99244,0.01585980,0.00626343,0.46926391,0.6263,2.1663,0.3965,3.1891,1.44,0.55,0.44,1.82,4.42,ok
svtav1,440x330,440,330,35,4,200,98087,0.01567491,0.00645782,0.54931581,0.6458,2.3437,0.3919,3.3814,1.58,0.68,0.46,1.86,4.72,ok
svtav1,440x330,440,330,36,4,60,90646,0.01448579,0.00646444,0.59672052,0.6464,2.4428,0.3621,3.4514,1.22,0.67,0.46,1.78,4.27,ok
svtav1,440x330,440,330,36,4,120,90565,0.01447284,0.00638051,0.53353256,0.6381,2.3098,0.3618,3.3097,1.24,0.74,0.46,1.80,4.39,ok
svtav1,440x330,440,330,36,4,180,91207,0.01457544,0.00647018,0.64114350,0.6470,2.5321,0.3644,3.5435,1.34,0.83,0.45,1.79,4.55,ok
svtav1,440x330,440,330,36,4,200,90548,0.01447013,0.00671717,0.60292608,0.6717,2.4555,0.3618,3.4889,1.57,0.61,0.49,1.89,4.72,ok
svtav1,440x330,440,330,37,4,60,85478,0.01365991,0.00659780,0.59282386,0.6598,2.4348,0.3415,3.4361,1.17,0.54,0.44,1.88,4.17,ok
svtav1,440x330,440,330,37,4,120,84827,0.01355588,0.00656214,0.57529670,0.6562,2.3985,0.3389,3.3936,1.17,0.51,0.43,1.99,4.25,ok
svtav1,440x330,440,330,37,4,180,85909,0.01372879,0.00656947,0.65624189,0.6569,2.5617,0.3432,3.5619,1.36,0.66,0.54,1.94,4.66,ok
svtav1,440x330,440,330,37,4,200,85402,0.01364776,0.00671962,0.57527262,0.6720,2.3985,0.3412,3.4116,1.34,0.70,0.48,1.99,4.67,ok
svtav1,440x330,440,330,38,4,60,80253,0.01282492,0.00687597,0.72051895,0.6876,2.6842,0.3206,3.6925,1.27,0.67,0.48,1.83,4.46,ok
svtav1,440x330,440,330,38,4,120,79208,0.01265793,0.00683426,0.50782681,0.6834,2.2535,0.3164,3.2534,1.35,0.56,0.46,1.86,4.38,ok
svtav1,440x330,440,330,38,4,180,80755,0.01290515,0.00658773,0.67065114,0.6588,2.5897,0.3226,3.5711,1.46,0.54,0.43,1.81,4.41,ok
svtav1,440x330,440,330,38,4,200,80020,0.01278769,0.00662206,0.62287289,0.6622,2.4957,0.3197,3.4776,1.53,1.25,0.46,1.87,5.26,ok
svtav1,440x330,440,330,39,4,60,75230,0.01202222,0.00713348,0.73836774,0.7133,2.7173,0.3006,3.7312,1.32,0.56,0.45,1.80,4.28,ok
svtav1,440x330,440,330,39,4,120,74750,0.01194551,0.00752538,0.52368873,0.7525,2.2884,0.2986,3.3396,1.17,0.59,0.50,1.86,4.28,ok
svtav1,440x330,440,330,39,4,180,75497,0.01206488,0.00734812,0.62048954,0.7348,2.4910,0.3016,3.5274,1.48,0.53,0.45,1.84,4.44,ok
svtav1,440x330,440,330,39,4,200,74709,0.01193896,0.00715210,0.59877253,0.7152,2.4470,0.2985,3.4607,1.35,0.50,0.47,1.88,4.34,ok
svtav1,440x330,440,330,40,4,60,70376,0.01124652,0.00732295,0.67557716,0.7323,2.5992,0.2812,3.6126,1.28,0.71,0.47,1.97,4.61,ok
svtav1,440x330,440,330,40,4,120,69807,0.01115559,0.00721827,0.70891148,0.7218,2.6625,0.2789,3.6633,1.59,1.00,0.60,1.91,5.27,ok
svtav1,440x330,440,330,40,4,180,70666,0.01129286,0.00697240,0.72516966,0.6972,2.6929,0.2823,3.6725,1.73,0.78,0.56,1.87,5.11,ok
svtav1,440x330,440,330,40,4,200,69732,0.01114360,0.00713659,0.65285170,0.7137,2.5551,0.2786,3.5473,1.71,0.70,0.46,1.79,4.81,ok
svtav1,440x330,440,330,41,4,60,65842,0.01052196,0.00728882,0.67041129,0.7289,2.5892,0.2630,3.5812,1.27,0.78,0.51,1.91,4.64,ok
svtav1,440x330,440,330,41,4,120,65639,0.01048952,0.00742203,0.60823041,0.7422,2.4662,0.2622,3.4707,1.30,0.59,0.49,1.83,4.35,ok
svtav1,440x330,440,330,41,4,180,66278,0.01059163,0.00728516,0.68794501,0.7285,2.6229,0.2648,3.6162,1.61,0.77,0.49,1.80,4.82,ok
svtav1,440x330,440,330,41,4,200,65585,0.01048089,0.00757416,0.65798020,0.7574,2.5651,0.2620,3.5846,1.64,0.91,0.52,1.90,5.12,ok
svtav1,464x348,464,348,26,4,60,207374,0.03313964,0.00466456,0.42481762,0.4665,2.0611,0.8285,3.3561,1.35,0.56,0.49,1.83,4.38,ok
svtav1,464x348,464,348,26,4,120,215275,0.03440227,0.00442647,0.32757294,0.4426,1.8099,0.8601,3.1126,1.35,0.59,0.56,1.87,4.52,ok
svtav1,464x348,464,348,26,4,180,215315,0.03440866,0.00448329,0.37482610,0.4483,1.9360,0.8602,3.2446,1.69,0.80,0.47,1.83,4.92,ok
svtav1,464x348,464,348,26,4,200,218078,0.03485021,0.00451019,0.37369594,0.4510,1.9331,0.8713,3.2554,1.75,0.82,0.49,1.82,5.03,ok
svtav1,464x348,464,348,27,4,60,187761,0.03000536,0.00467621,0.45833197,0.4676,2.1409,0.7501,3.3586,1.45,0.65,0.48,1.79,4.52,ok
svtav1,464x348,464,348,27,4,120,194065,0.03101278,0.00469330,0.42595804,0.4693,2.0639,0.7753,3.3085,1.36,0.91,0.48,1.81,4.71,ok
svtav1,464x348,464,348,27,4,180,195157,0.03118729,0.00458873,0.42610893,0.4589,2.0642,0.7797,3.3028,1.92,0.80,0.54,1.85,5.27,ok
svtav1,464x348,464,348,27,4,200,196487,0.03139983,0.00483215,0.38259771,0.4832,1.9560,0.7850,3.2242,1.56,0.90,0.51,1.87,4.99,ok
svtav1,464x348,464,348,28,4,60,173542,0.02773308,0.00484594,0.49017355,0.4846,2.2140,0.6933,3.3919,1.32,0.77,0.46,1.83,4.54,ok
svtav1,464x348,464,348,28,4,120,179161,0.02863103,0.00485209,0.42971441,0.4852,2.0730,0.7158,3.2739,1.51,0.54,0.52,1.86,4.57,ok
svtav1,464x348,464,348,28,4,180,178145,0.02846867,0.00479986,0.41438544,0.4800,2.0356,0.7117,3.2273,1.76,0.71,0.51,1.83,4.96,ok
svtav1,464x348,464,348,28,4,200,180084,0.02877853,0.00488754,0.38889247,0.4888,1.9720,0.7195,3.1803,1.58,0.95,0.54,1.77,4.99,ok
svtav1,464x348,464,348,29,4,60,161371,0.02578808,0.00504079,0.41241965,0.5041,2.0308,0.6447,3.1796,1.38,0.54,0.48,1.86,4.48,ok
svtav1,464x348,464,348,29,4,120,164681,0.02631704,0.00513062,0.44208166,0.5131,2.1026,0.6579,3.2736,1.31,0.53,0.49,1.84,4.31,ok
svtav1,464x348,464,348,29,4,180,165260,0.02640956,0.00493342,0.37411848,0.4933,1.9342,0.6602,3.0878,1.52,0.68,0.46,1.85,4.67,ok
svtav1,464x348,464,348,29,4,200,166126,0.02654796,0.00496506,0.33696160,0.4965,1.8357,0.6637,2.9959,1.61,0.56,0.48,1.86,4.68,ok
svtav1,464x348,464,348,30,4,60,149582,0.02390412,0.00523911,0.50975305,0.5239,2.2578,0.5976,3.3793,1.47,0.59,0.46,1.80,4.49,ok
svtav1,464x348,464,348,30,4,120,152299,0.02433832,0.00518987,0.46005774,0.5190,2.1449,0.6085,3.2723,1.47,0.64,0.48,1.78,4.52,ok
svtav1,464x348,464,348,30,4,180,153461,0.02452401,0.00504842,0.50919938,0.5048,2.2565,0.6131,3.3745,1.49,0.67,0.59,1.81,4.70,ok
svtav1,464x348,464,348,30,4,200,154680,0.02471882,0.00520259,0.50238144,0.5203,2.2414,0.6180,3.3796,1.73,0.72,0.49,1.81,4.91,ok
svtav1,464x348,464,348,31,4,60,138868,0.02219196,0.00545542,0.57057649,0.5455,2.3887,0.5548,3.4890,1.54,0.89,0.49,1.86,4.95,ok
svtav1,464x348,464,348,31,4,120,142059,0.02270190,0.00541016,0.48951903,0.5410,2.2125,0.5675,3.3211,1.34,0.69,0.48,1.85,4.50,ok
svtav1,464x348,464,348,31,4,180,143563,0.02294225,0.00534582,0.48282096,0.5346,2.1973,0.5736,3.3055,1.45,1.03,0.64,1.87,5.15,ok
svtav1,464x348,464,348,31,4,200,144707,0.02312507,0.00549215,0.50153196,0.5492,2.2395,0.5781,3.3668,1.88,0.98,0.51,1.89,5.43,ok
svtav1,464x348,464,348,32,4,60,128744,0.02057408,0.00544479,0.56886971,0.5445,2.3851,0.5144,3.4439,1.36,0.56,0.54,1.85,4.45,ok
svtav1,464x348,464,348,32,4,120,131246,0.02097392,0.00560033,0.52645141,0.5600,2.2945,0.5243,3.3788,1.32,0.78,0.52,1.83,4.61,ok
svtav1,464x348,464,348,32,4,180,131696,0.02104583,0.00552155,0.47964424,0.5522,2.1901,0.5261,3.2684,1.43,0.70,0.48,1.85,4.60,ok
svtav1,464x348,464,348,32,4,200,132564,0.02118454,0.00566345,0.43520358,0.5663,2.0862,0.5296,3.1821,1.54,0.73,0.67,1.92,5.05,ok
svtav1,464x348,464,348,33,4,60,119543,0.01910371,0.00575043,0.55443317,0.5750,2.3546,0.4776,3.4073,1.47,0.68,0.50,1.78,4.59,ok
svtav1,464x348,464,348,33,4,120,122246,0.01953566,0.00584513,0.51956481,0.5845,2.2794,0.4884,3.3523,1.38,0.68,0.46,1.84,4.50,ok
svtav1,464x348,464,348,33,4,180,123006,0.01965712,0.00569656,0.47518611,0.5697,2.1799,0.4914,3.2410,1.43,0.94,0.55,1.85,4.90,ok
svtav1,464x348,464,348,33,4,200,123231,0.01969307,0.00573710,0.48003620,0.5737,2.1910,0.4923,3.2570,1.50,0.51,0.46,1.84,4.45,ok
svtav1,464x348,464,348,34,4,60,112689,0.01800840,0.00593501,0.59242666,0.5935,2.4340,0.4502,3.4777,1.29,0.56,0.46,1.83,4.30,ok
svtav1,464x348,464,348,34,4,120,114581,0.01831075,0.00599518,0.64473420,0.5995,2.5392,0.4578,3.5964,1.32,0.68,0.45,1.80,4.40,ok
svtav1,464x348,464,348,34,4,180,115977,0.01853384,0.00578863,0.58421993,0.5789,2.4171,0.4633,3.4593,1.44,0.58,0.45,1.85,4.48,ok
svtav1,464x348,464,348,34,4,200,115237,0.01841558,0.00590169,0.55605006,0.5902,2.3581,0.4604,3.4086,1.50,0.88,0.49,1.76,4.82,ok
svtav1,464x348,464,348,35,4,60,104817,0.01675040,0.00606964,0.63392240,0.6070,2.5178,0.4188,3.5435,1.56,1.35,0.55,1.91,5.53,ok
svtav1,464x348,464,348,35,4,120,106207,0.01697253,0.00613937,0.73528463,0.6139,2.7116,0.4243,3.7499,1.32,0.72,0.50,1.87,4.57,ok
svtav1,464x348,464,348,35,4,180,106791,0.01706586,0.00608526,0.64315039,0.6085,2.5360,0.4266,3.5712,1.53,0.73,0.50,1.84,4.76,ok
svtav1,464x348,464,348,35,4,200,106300,0.01698739,0.00627813,0.63244969,0.6278,2.5149,0.4247,3.5674,2.02,1.09,0.58,2.02,5.89,ok
svtav1,464x348,464,348,36,4,60,97719,0.01561610,0.00628840,0.77684003,0.6288,2.7872,0.3904,3.8064,1.42,0.72,0.56,1.89,4.76,ok
svtav1,464x348,464,348,36,4,120,97769,0.01562409,0.00638041,0.74591041,0.6380,2.7311,0.3906,3.7598,1.63,0.88,0.54,1.96,5.32,ok
svtav1,464x348,464,348,36,4,180,98018,0.01566388,0.00624085,0.64510208,0.6241,2.5399,0.3916,3.5556,1.74,0.65,0.48,1.84,4.84,ok
svtav1,464x348,464,348,36,4,200,97427,0.01556943,0.00647176,0.60037673,0.6472,2.4503,0.3892,3.4867,1.52,0.74,0.49,2.03,4.95,ok
svtav1,464x348,464,348,37,4,60,92230,0.01473892,0.00648020,0.60503614,0.6480,2.4597,0.3685,3.4762,1.38,1.02,0.53,1.89,4.98,ok
svtav1,464x348,464,348,37,4,120,91976,0.01469833,0.00682510,0.62925810,0.6825,2.5085,0.3675,3.5585,1.38,0.77,0.52,2.05,4.89,ok
svtav1,464x348,464,348,37,4,180,92014,0.01470440,0.00648773,0.63288587,0.6488,2.5157,0.3676,3.5321,1.66,0.62,0.50,2.04,5.00,ok
svtav1,464x348,464,348,37,4,200,91191,0.01457288,0.00638489,0.57688880,0.6385,2.4019,0.3643,3.4047,1.70,0.87,0.49,1.90,5.11,ok
svtav1,464x348,464,348,38,4,60,86647,0.01384672,0.00678299,0.80652326,0.6783,2.8399,0.3462,3.8644,1.31,0.73,0.52,1.93,4.69,ok
svtav1,464x348,464,348,38,4,120,85931,0.01373230,0.00689611,0.80958438,0.6896,2.8453,0.3433,3.8782,1.29,0.66,0.52,2.07,4.70,ok
svtav1,464x348,464,348,38,4,180,85902,0.01372767,0.00666005,0.69025695,0.6660,2.6273,0.3432,3.6365,1.52,0.71,0.57,2.02,4.99,ok
svtav1,464x348,464,348,38,4,200,85065,0.01359391,0.00681864,0.63861728,0.6819,2.5271,0.3398,3.5488,1.62,0.96,0.52,1.88,5.13,ok
svtav1,464x348,464,348,39,4,60,81202,0.01297658,0.00705394,0.74360299,0.7054,2.7269,0.3244,3.7567,1.26,0.55,0.46,1.91,4.37,ok
svtav1,464x348,464,348,39,4,120,80461,0.01285816,0.00719126,0.68725598,0.7191,2.6216,0.3215,3.6621,1.15,0.69,0.49,1.91,4.38,ok
svtav1,464x348,464,348,39,4,180,80601,0.01288054,0.00683706,0.64783043,0.6837,2.5453,0.3220,3.5510,1.31,0.77,0.54,2.02,4.83,ok
svtav1,464x348,464,348,39,4,200,79874,0.01276436,0.00684306,0.63907319,0.6843,2.5280,0.3191,3.5314,1.55,0.69,0.56,2.01,4.99,ok
svtav1,464x348,464,348,40,4,60,76137,0.01216716,0.00694738,0.83957124,0.6947,2.8975,0.3042,3.8965,1.47,0.77,0.55,2.02,4.98,ok
svtav1,464x348,464,348,40,4,120,75749,0.01210516,0.00738586,0.77334380,0.7386,2.7809,0.3026,3.8221,1.35,0.77,0.55,1.97,4.82,ok
svtav1,464x348,464,348,40,4,180,75857,0.01212242,0.00687541,0.71975732,0.6875,2.6828,0.3031,3.6734,1.75,0.97,0.48,2.00,5.39,ok
svtav1,464x348,464,348,40,4,200,75217,0.01202014,0.00692078,0.67407596,0.6921,2.5963,0.3005,3.5889,1.59,0.87,0.53,1.93,5.10,ok
svtav1,464x348,464,348,41,4,60,71440,0.01141655,0.00704692,0.84153938,0.7047,2.9009,0.2854,3.8910,1.27,0.85,0.53,1.87,4.67,ok
svtav1,464x348,464,348,41,4,120,70400,0.01125035,0.00807536,0.64463162,0.8075,2.5390,0.2813,3.6278,1.29,0.69,0.52,2.00,4.65,ok
svtav1,464x348,464,348,41,4,180,70206,0.01121935,0.00705032,0.75312883,0.7050,2.7443,0.2805,3.7298,1.73,1.01,0.54,2.07,5.53,ok
svtav1,464x348,464,348,41,4,200,69329,0.01107920,0.00709849,0.67756122,0.7098,2.6030,0.2770,3.5898,1.63,0.72,0.48,1.97,4.99,ok
svtav1,480x360,480,360,26,4,60,212665,0.03398517,0.00446421,0.44103557,0.4464,2.1001,0.8496,3.3961,1.64,1.46,0.58,1.91,5.79,ok
svtav1,480x360,480,360,26,4,120,219742,0.03511612,0.00445841,0.29875866,0.4458,1.7285,0.8779,3.0522,1.62,0.82,0.50,1.89,5.00,ok
svtav1,480x360,480,360,26,4,180,221955,0.03546977,0.00437653,0.30409268,0.4377,1.7438,0.8867,3.0682,1.59,0.51,0.50,1.77,4.52,ok
svtav1,480x360,480,360,26,4,200,224020,0.03579977,0.00432358,0.30578703,0.4324,1.7487,0.8950,3.0760,1.77,0.76,0.52,1.92,5.13,ok
svtav1,480x360,480,360,27,4,60,193895,0.03098561,0.00460154,0.47636035,0.4602,2.1826,0.7746,3.4174,1.28,0.60,0.47,1.75,4.24,ok
svtav1,480x360,480,360,27,4,120,201307,0.03217010,0.00448741,0.43534607,0.4487,2.0865,0.8043,3.3395,1.32,0.51,0.46,1.89,4.34,ok
svtav1,480x360,480,360,27,4,180,200485,0.03203874,0.00454676,0.41296080,0.4547,2.0321,0.8010,3.2878,1.64,0.64,0.45,1.84,4.71,ok
svtav1,480x360,480,360,27,4,200,203313,0.03249067,0.00445674,0.41380018,0.4457,2.0342,0.8123,3.2921,1.66,0.58,0.47,1.87,4.72,ok
svtav1,480x360,480,360,28,4,60,178379,0.02850606,0.00488917,0.47188717,0.4889,2.1723,0.7127,3.3739,1.35,0.69,0.51,1.89,4.58,ok
svtav1,480x360,480,360,28,4,120,182877,0.02922487,0.00466985,0.45510176,0.4670,2.1333,0.7306,3.3309,1.32,0.57,0.52,1.82,4.37,ok
svtav1,480x360,480,360,28,4,180,184349,0.02946010,0.00480031,0.46135691,0.4800,2.1479,0.7365,3.3645,1.69,0.68,0.51,1.83,4.88,ok
svtav1,480x360,480,360,28,4,200,186240,0.02976230,0.00451538,0.46186942,0.4515,2.1491,0.7441,3.3447,1.60,0.69,0.48,1.83,4.79,ok
svtav1,480x360,480,360,29,4,60,165960,0.02652143,0.00472234,0.47754389,0.4722,2.1853,0.6630,3.3205,1.24,0.48,0.46,1.87,4.21,ok
svtav1,480x360,480,360,29,4,120,169684,0.02711655,0.00480331,0.42629817,0.4803,2.0647,0.6779,3.2229,1.43,0.74,0.47,1.79,4.57,ok
svtav1,480x360,480,360,29,4,180,170399,0.02723081,0.00482661,0.39486724,0.4827,1.9871,0.6808,3.1506,1.65,0.64,0.52,1.94,4.92,ok
svtav1,480x360,480,360,29,4,200,172479,0.02756320,0.00490697,0.37994102,0.4907,1.9492,0.6891,3.1290,1.79,0.80,0.53,1.89,5.16,ok
svtav1,480x360,480,360,30,4,60,155202,0.02480223,0.00501638,0.58537966,0.5016,2.4195,0.6201,3.5412,1.29,0.53,0.46,1.87,4.31,ok
svtav1,480x360,480,360,30,4,120,158564,0.02533950,0.00490763,0.49978587,0.4908,2.2356,0.6335,3.3598,1.40,0.70,0.51,1.92,4.71,ok
svtav1,480x360,480,360,30,4,180,159502,0.02548940,0.00480021,0.44599032,0.4800,2.1118,0.6372,3.2291,1.55,0.92,0.48,1.95,5.07,ok
svtav1,480x360,480,360,30,4,200,161037,0.02573470,0.00497660,0.45254520,0.4977,2.1273,0.6434,3.2683,1.78,0.88,0.50,1.94,5.25,ok
svtav1,480x360,480,360,31,4,60,143187,0.02288216,0.00524974,0.54207993,0.5250,2.3283,0.5721,3.4253,1.41,0.76,0.47,1.85,4.66,ok
svtav1,480x360,480,360,31,4,120,146375,0.02339163,0.00522181,0.48743331,0.5222,2.2078,0.5848,3.3148,1.36,0.84,0.60,1.92,4.89,ok
svtav1,480x360,480,360,31,4,180,148367,0.02370996,0.00525558,0.54710603,0.5256,2.3390,0.5927,3.4573,1.60,0.95,0.55,1.95,5.21,ok
svtav1,480x360,480,360,31,4,200,149985,0.02396853,0.00512955,0.53175801,0.5130,2.3060,0.5992,3.4182,1.77,1.07,0.58,1.89,5.50,ok
svtav1,480x360,480,360,32,4,60,132882,0.02123536,0.00562998,0.60172123,0.5630,2.4530,0.5309,3.5469,1.52,0.75,0.67,2.03,5.16,ok
svtav1,480x360,480,360,32,4,120,135070,0.02158502,0.00542684,0.54728633,0.5427,2.3394,0.5396,3.4217,1.48,0.96,0.56,2.02,5.19,ok
svtav1,480x360,480,360,32,4,180,135006,0.02157479,0.00565155,0.49019691,0.5652,2.2140,0.5394,3.3186,1.65,1.00,0.54,1.84,5.18,ok
svtav1,480x360,480,360,32,4,200,135100,0.02158981,0.00555405,0.49972153,0.5554,2.2354,0.5397,3.3306,1.61,0.77,0.48,1.84,4.96,ok
svtav1,480x360,480,360,33,4,60,123425,0.01972407,0.00570903,0.49018809,0.5709,2.2140,0.4931,3.2780,1.42,0.86,0.47,1.79,4.71,ok
svtav1,480x360,480,360,33,4,120,125170,0.02000294,0.00550064,0.53651047,0.5501,2.3163,0.5001,3.3664,1.32,0.60,0.48,1.79,4.34,ok
svtav1,480x360,480,360,33,4,180,125569,0.02006670,0.00561783,0.56706399,0.5618,2.3813,0.5017,3.4448,1.45,0.75,0.46,1.78,4.59,ok
svtav1,480x360,480,360,33,4,200,126195,0.02016674,0.00549637,0.59018826,0.5496,2.4294,0.5042,3.4832,1.54,0.51,0.55,1.89,4.65,ok
svtav1,480x360,480,360,34,4,60,115935,0.01852713,0.00571889,0.61277771,0.5719,2.4754,0.4632,3.5105,1.30,0.77,0.46,1.89,4.55,ok
svtav1,480x360,480,360,34,4,120,117120,0.01871650,0.00566157,0.57110387,0.5662,2.3898,0.4679,3.4238,1.25,0.53,0.52,1.74,4.19,ok
svtav1,480x360,480,360,34,4,180,118166,0.01888365,0.00573466,0.46875986,0.5735,2.1651,0.4721,3.2106,1.62,0.57,0.51,1.83,4.67,ok
svtav1,480x360,480,360,34,4,200,117559,0.01878665,0.00578842,0.50262326,0.5788,2.2419,0.4697,3.2904,1.44,0.56,0.48,1.83,4.48,ok
svtav1,480x360,480,360,35,4,60,108104,0.01727568,0.00627818,0.80478275,0.6278,2.8369,0.4319,3.8966,1.28,0.64,0.55,1.85,4.49,ok
svtav1,480x360,480,360,35,4,120,108025,0.01726306,0.00634827,0.62962437,0.6348,2.5092,0.4316,3.5756,1.27,0.75,0.50,1.86,4.54,ok
svtav1,480x360,480,360,35,4,180,108179,0.01728767,0.00617935,0.62763959,0.6179,2.5053,0.4322,3.5554,1.40,0.53,0.44,1.82,4.31,ok
svtav1,480x360,480,360,35,4,200,108252,0.01729934,0.00591176,0.58061153,0.5912,2.4096,0.4325,3.4332,1.54,0.64,0.48,1.80,4.61,ok
svtav1,480x360,480,360,36,4,60,100455,0.01605333,0.00623240,0.62365609,0.6232,2.4973,0.4013,3.5219,1.15,0.51,0.54,1.83,4.16,ok
svtav1,480x360,480,360,36,4,120,100827,0.01611277,0.00613485,0.50549883,0.6135,2.2483,0.4028,3.2646,1.19,0.65,0.46,1.93,4.36,ok
svtav1,480x360,480,360,36,4,180,101534,0.01622576,0.00619624,0.58298868,0.6196,2.4145,0.4056,3.4398,1.45,0.49,0.56,1.85,4.50,ok
svtav1,480x360,480,360,36,4,200,101169,0.01616743,0.00600367,0.57854074,0.6004,2.4053,0.4042,3.4098,1.41,0.51,0.47,1.86,4.38,ok
svtav1,480x360,480,360,37,4,60,95567,0.01527219,0.00647110,0.62793523,0.6471,2.5059,0.3818,3.5348,1.26,1.00,0.51,1.94,4.89,ok
svtav1,480x360,480,360,37,4,120,94264,0.01506397,0.00647751,0.62784123,0.6478,2.5057,0.3766,3.5300,1.22,0.62,0.47,1.99,4.45,ok
svtav1,480x360,480,360,37,4,180,95010,0.01518318,0.00647237,0.56226605,0.6472,2.3712,0.3796,3.3980,1.40,0.60,0.51,1.81,4.48,ok
svtav1,480x360,480,360,37,4,200,94413,0.01508778,0.00662303,0.54129505,0.6623,2.3266,0.3772,3.3661,1.43,0.73,0.48,1.75,4.53,ok
svtav1,480x360,480,360,38,4,60,89099,0.01423857,0.00660955,0.81271660,0.6610,2.8508,0.3560,3.8677,1.29,0.56,0.46,1.81,4.26,ok
svtav1,480x360,480,360,38,4,120,88005,0.01406374,0.00691152,0.71232772,0.6912,2.6689,0.3516,3.7117,1.29,0.71,0.47,1.81,4.44,ok
svtav1,480x360,480,360,38,4,180,88613,0.01416090,0.00656728,0.67671424,0.6567,2.6014,0.3540,3.6121,1.30,0.57,0.46,1.86,4.33,ok
svtav1,480x360,480,360,38,4,200,87973,0.01405863,0.00652685,0.65809172,0.6527,2.5653,0.3515,3.5695,1.39,0.52,0.46,1.88,4.39,ok
svtav1,480x360,480,360,39,4,60,83875,0.01340374,0.00697642,0.76357132,0.6976,2.7633,0.3351,3.7960,1.10,0.50,0.45,1.85,4.04,ok
svtav1,480x360,480,360,39,4,120,82226,0.01314022,0.00672338,0.69035184,0.6723,2.6275,0.3285,3.6283,1.25,0.57,0.48,1.80,4.23,ok
svtav1,480x360,480,360,39,4,180,82588,0.01319807,0.00693339,0.67937720,0.6933,2.6065,0.3300,3.6298,1.43,0.73,0.53,1.74,4.57,ok
svtav1,480x360,480,360,39,4,200,81466,0.01301877,0.00667191,0.61369979,0.6672,2.4773,0.3255,3.4700,1.42,0.48,0.45,1.81,4.31,ok
svtav1,480x360,480,360,40,4,60,77619,0.01240399,0.00672923,0.66591072,0.6729,2.5805,0.3101,3.5635,1.17,0.57,0.46,1.80,4.18,ok
svtav1,480x360,480,360,40,4,120,77175,0.01233304,0.00709778,0.72672760,0.7098,2.6958,0.3083,3.7139,1.27,0.67,0.50,1.83,4.41,ok
svtav1,480x360,480,360,40,4,180,77450,0.01237699,0.00689845,0.78176183,0.6898,2.7960,0.3094,3.7953,1.40,0.58,0.56,1.87,4.55,ok
svtav1,480x360,480,360,40,4,200,76909,0.01229053,0.00720093,0.60619295,0.7201,2.4621,0.3073,3.4895,1.62,1.11,0.52,1.87,5.30,ok
svtav1,480x360,480,360,41,4,60,73546,0.01175310,0.00684214,0.67247343,0.6842,2.5932,0.2938,3.5713,1.41,0.89,0.52,1.88,4.86,ok
svtav1,480x360,480,360,41,4,120,72039,0.01151228,0.00716400,0.67414910,0.7164,2.5964,0.2878,3.6006,1.35,0.57,0.58,1.88,4.52,ok
svtav1,480x360,480,360,41,4,180,72264,0.01154823,0.00682648,0.71722168,0.6826,2.6781,0.2887,3.6495,1.37,0.53,0.48,1.92,4.45,ok
svtav1,480x360,480,360,41,4,200,71570,0.01143733,0.00697474,0.71095413,0.6975,2.6664,0.2859,3.6498,1.47,0.92,0.52,1.91,4.96,ok
svtav1,496x372,496,372,26,4,60,234244,0.03743363,0.00424912,0.33773556,0.4249,1.8378,0.9358,3.1985,1.54,0.58,0.49,1.85,4.62,ok
svtav1,496x372,496,372,26,4,120,244570,0.03908379,0.00427378,0.43013722,0.4274,2.0740,0.9771,3.4784,1.56,0.72,0.49,1.82,4.76,ok
svtav1,496x372,496,372,26,4,180,246131,0.03933325,0.00423172,0.42262793,0.4232,2.0558,0.9833,3.4623,1.65,0.63,0.51,1.90,4.82,ok
svtav1,496x372,496,372,26,4,200,249598,0.03988730,0.00424377,0.40366241,0.4244,2.0091,0.9972,3.4307,1.66,0.66,0.47,1.84,4.76,ok
svtav1,496x372,496,372,27,4,60,211657,0.03382409,0.00440918,0.43527254,0.4409,2.0863,0.8456,3.3728,1.40,0.66,0.53,1.84,4.70,ok
svtav1,496x372,496,372,27,4,120,217511,0.03475960,0.00440969,0.42778796,0.4410,2.0683,0.8690,3.3783,1.61,0.56,0.47,1.87,4.66,ok
svtav1,496x372,496,372,27,4,180,219702,0.03510973,0.00443995,0.38175762,0.4440,1.9539,0.8777,3.2756,1.85,1.04,0.58,1.95,5.59,ok
svtav1,496x372,496,372,27,4,200,221760,0.03543861,0.00449880,0.38621038,0.4499,1.9652,0.8860,3.3011,2.15,0.80,0.46,1.70,5.27,ok
svtav1,496x372,496,372,28,4,60,193938,0.03099248,0.00458145,0.42800978,0.4581,2.0688,0.7748,3.3018,1.53,0.67,0.53,1.76,4.66,ok
svtav1,496x372,496,372,28,4,120,199162,0.03182731,0.00466970,0.45083290,0.4670,2.1233,0.7957,3.3859,1.44,0.84,0.61,1.71,4.79,ok
svtav1,496x372,496,372,28,4,180,201350,0.03217697,0.00469833,0.44949389,0.4698,2.1201,0.8044,3.3944,2.17,0.68,0.51,1.82,5.36,ok
svtav1,496x372,496,372,28,4,200,203209,0.03247405,0.00459768,0.45288447,0.4598,2.1281,0.8119,3.3997,2.06,0.79,0.57,1.82,5.40,ok
svtav1,496x372,496,372,29,4,60,178147,0.02846899,0.00478424,0.33583191,0.4784,1.8326,0.7117,3.0227,1.62,0.72,0.49,1.64,4.61,ok
svtav1,496x372,496,372,29,4,120,183578,0.02933689,0.00482295,0.40551680,0.4823,2.0137,0.7334,3.2295,1.59,0.63,0.47,1.64,4.49,ok
svtav1,496x372,496,372,29,4,180,184575,0.02949622,0.00482468,0.45542681,0.4825,2.1341,0.7374,3.3539,1.96,0.67,0.51,1.63,4.92,ok
svtav1,496x372,496,372,29,4,200,186521,0.02980720,0.00468440,0.47133392,0.4684,2.1710,0.7452,3.3846,1.93,0.58,0.52,1.73,4.93,ok
svtav1,496x372,496,372,30,4,60,165700,0.02647988,0.00496877,0.48067358,0.4969,2.1924,0.6620,3.3513,1.61,0.90,0.52,1.74,4.91,ok
svtav1,496x372,496,372,30,4,120,169667,0.02711383,0.00487000,0.37791595,0.4870,1.9440,0.6778,3.1089,1.49,0.47,0.48,1.61,4.22,ok
svtav1,496x372,496,372,30,4,180,171436,0.02739653,0.00491384,0.43294173,0.4914,2.0807,0.6849,3.2570,1.79,0.54,0.50,1.57,4.56,ok
svtav1,496x372,496,372,30,4,200,173646,0.02774970,0.00500030,0.43529552,0.5000,2.0864,0.6937,3.2801,1.76,0.58,0.45,1.54,4.50,ok
svtav1,496x372,496,372,31,4,60,151385,0.02419225,0.00527496,0.45153555,0.5275,2.1249,0.6048,3.2572,1.27,0.78,0.49,1.58,4.27,ok
svtav1,496x372,496,372,31,4,120,156682,0.02503875,0.00504049,0.51119542,0.5040,2.2610,0.6260,3.3910,1.40,0.87,0.55,1.69,4.67,ok
svtav1,496x372,496,372,31,4,180,157698,0.02520111,0.00509750,0.54118818,0.5098,2.3263,0.6300,3.4661,1.58,0.61,0.57,1.66,4.56,ok
svtav1,496x372,496,372,31,4,200,159267,0.02545185,0.00504705,0.56378996,0.5047,2.3744,0.6363,3.5154,1.57,0.50,0.53,1.89,4.70,ok
svtav1,496x372,496,372,32,4,60,138759,0.02217454,0.00530365,0.41826361,0.5304,2.0451,0.5544,3.1299,1.30,0.64,0.52,1.79,4.45,ok
svtav1,496x372,496,372,32,4,120,142008,0.02269375,0.00540065,0.52928966,0.5401,2.3006,0.5673,3.4080,1.39,0.47,0.45,1.78,4.26,ok
svtav1,496x372,496,372,32,4,180,143038,0.02285835,0.00531240,0.57126373,0.5312,2.3901,0.5715,3.4928,1.57,0.69,0.49,1.70,4.62,ok
svtav1,496x372,496,372,32,4,200,144163,0.02303813,0.00533854,0.55634516,0.5339,2.3587,0.5760,3.4685,1.68,0.88,0.50,1.95,5.24,ok
svtav1,496x372,496,372,33,4,60,129661,0.02072063,0.00571594,0.48877701,0.5716,2.2108,0.5180,3.3004,1.57,0.69,0.57,1.82,4.91,ok
svtav1,496x372,496,372,33,4,120,132444,0.02116537,0.00548650,0.54034507,0.5487,2.3245,0.5291,3.4023,1.62,0.86,0.48,1.67,4.79,ok
svtav1,496x372,496,372,33,4,180,132842,0.02122897,0.00574880,0.57691777,0.5749,2.4019,0.5307,3.5075,1.53,0.48,0.47,1.59,4.23,ok
svtav1,496x372,496,372,33,4,200,134574,0.02150575,0.00562586,0.54494625,0.5626,2.3344,0.5376,3.4346,1.84,0.77,0.56,1.57,4.87,ok
svtav1,496x372,496,372,34,4,60,120511,0.01925840,0.00557485,0.48943278,0.5575,2.2123,0.4815,3.2513,1.24,0.50,0.46,1.62,3.96,ok
svtav1,496x372,496,372,34,4,120,123111,0.01967389,0.00567988,0.57611340,0.5680,2.4002,0.4918,3.4601,1.25,0.56,0.55,1.61,4.12,ok
svtav1,496x372,496,372,34,4,180,123462,0.01972999,0.00575180,0.55976033,0.5752,2.3659,0.4932,3.4344,1.51,0.70,0.54,1.71,4.62,ok
svtav1,496x372,496,372,34,4,200,123924,0.01980382,0.00616542,0.52756268,0.6165,2.2969,0.4951,3.4085,1.58,0.59,0.52,1.65,4.54,ok
svtav1,496x372,496,372,35,4,60,112794,0.01802517,0.00574158,0.50846171,0.5742,2.2549,0.4506,3.2797,1.38,0.77,0.51,1.74,4.55,ok
svtav1,496x372,496,372,35,4,120,113732,0.01817507,0.00584295,0.58734024,0.5843,2.4235,0.4544,3.4622,1.30,0.59,0.48,1.69,4.22,ok
svtav1,496x372,496,372,35,4,180,114453,0.01829029,0.00576640,0.56823903,0.5766,2.3838,0.4573,3.4177,1.44,0.54,0.54,1.67,4.34,ok
svtav1,496x372,496,372,35,4,200,114209,0.01825130,0.00598607,0.52291149,0.5986,2.2867,0.4563,3.3416,1.52,0.65,0.45,1.59,4.35,ok
svtav1,496x372,496,372,36,4,60,104098,0.01663550,0.00610133,0.61858922,0.6101,2.4871,0.4159,3.5132,1.42,0.73,0.56,1.58,4.43,ok
svtav1,496x372,496,372,36,4,120,104514,0.01670198,0.00582916,0.57137620,0.5829,2.3903,0.4175,3.3908,1.75,1.10,0.55,1.64,5.21,ok
svtav1,496x372,496,372,36,4,180,105607,0.01687665,0.00604401,0.54852831,0.6044,2.3421,0.4219,3.3684,1.91,0.95,0.59,1.92,5.52,ok
svtav1,496x372,496,372,36,4,200,105618,0.01687841,0.00614497,0.52490693,0.6145,2.2911,0.4220,3.3275,1.72,0.82,0.53,1.87,5.14,ok
svtav1,496x372,496,372,37,4,60,98162,0.01568689,0.00620336,0.59825939,0.6203,2.4459,0.3922,3.4584,1.43,1.00,0.54,1.94,5.06,ok
svtav1,496x372,496,372,37,4,120,99462,0.01589464,0.00622676,0.48958334,0.6227,2.2127,0.3974,3.2327,1.45,0.75,0.55,1.95,4.87,ok
svtav1,496x372,496,372,37,4,180,99535,0.01590631,0.00609314,0.53892213,0.6093,2.3215,0.3977,3.3284,1.90,1.08,0.51,2.05,5.79,ok
svtav1,496x372,496,372,37,4,200,99757,0.01594178,0.00643397,0.52059299,0.6434,2.2817,0.3985,3.3236,2.14,1.20,0.59,1.93,6.05,ok
svtav1,496x372,496,372,38,4,60,92032,0.01470728,0.00651881,0.70379257,0.6519,2.6529,0.3677,3.6725,1.30,0.60,0.49,1.95,4.54,ok
svtav1,496x372,496,372,38,4,120,92251,0.01474228,0.00652374,0.66192353,0.6524,2.5728,0.3686,3.5937,1.66,0.82,0.52,1.84,5.10,ok
svtav1,496x372,496,372,38,4,180,92876,0.01484216,0.00633118,0.67146069,0.6331,2.5913,0.3711,3.5954,1.54,0.62,0.50,1.93,4.77,ok
svtav1,496x372,496,372,38,4,200,93083,0.01487524,0.00668065,0.71253186,0.6681,2.6693,0.3719,3.7093,1.62,0.60,0.46,1.81,4.63,ok
svtav1,496x372,496,372,39,4,60,86462,0.01381716,0.00636027,0.63630396,0.6360,2.5225,0.3454,3.5040,1.19,0.81,0.53,1.72,4.41,ok
svtav1,496x372,496,372,39,4,120,86666,0.01384976,0.00679591,0.57822442,0.6796,2.4046,0.3462,3.4305,1.26,0.59,0.50,1.73,4.21,ok
svtav1,496x372,496,372,39,4,180,86742,0.01386190,0.00635783,0.56852943,0.6358,2.3844,0.3465,3.3667,1.49,0.63,0.47,1.77,4.57,ok
svtav1,496x372,496,372,39,4,200,86595,0.01383841,0.00685008,0.57861900,0.6850,2.4055,0.3460,3.4364,1.67,0.69,0.47,1.80,4.77,ok
svtav1,496x372,496,372,40,4,60,80633,0.01288565,0.00676646,0.60409588,0.6766,2.4578,0.3221,3.4566,1.37,0.79,0.53,1.80,4.63,ok
svtav1,496x372,496,372,40,4,120,80925,0.01293231,0.00713333,0.61405653,0.7133,2.4780,0.3233,3.5147,1.33,0.92,0.52,1.80,4.73,ok
svtav1,496x372,496,372,40,4,180,80911,0.01293008,0.00665064,0.62519819,0.6651,2.5004,0.3233,3.4887,1.66,0.58,0.47,1.78,4.63,ok
svtav1,496x372,496,372,40,4,200,80910,0.01292992,0.00728551,0.55367112,0.7286,2.3530,0.3232,3.4048,1.66,0.46,0.53,1.88,4.67,ok
svtav1,496x372,496,372,41,4,60,75702,0.01209765,0.00709671,0.69253755,0.7097,2.6316,0.3024,3.6437,1.50,0.67,0.53,1.68,4.53,ok
svtav1,496x372,496,372,41,4,120,75258,0.01202669,0.00707703,0.66072738,0.7077,2.5705,0.3007,3.5788,1.25,0.52,0.49,1.74,4.17,ok
svtav1,496x372,496,372,41,4,180,75544,0.01207240,0.00684199,0.74969465,0.6842,2.7381,0.3018,3.7241,1.55,0.66,0.56,2.04,4.96,ok
svtav1,496x372,496,372,41,4,200,75485,0.01206297,0.00713170,0.77862465,0.7132,2.7904,0.3016,3.8051,1.64,0.65,0.48,1.92,4.84,ok
svtav1,512x384,512,384,26,4,60,239044,0.03820070,0.00432805,0.39867863,0.4328,1.9967,0.9550,3.3845,1.45,0.83,0.55,2.00,4.98,ok
svtav1,512x384,512,384,26,4,120,250260,0.03999309,0.00421661,0.39763442,0.4217,1.9941,0.9998,3.4156,1.38,0.50,0.47,1.96,4.46,ok
svtav1,512x384,512,384,26,4,180,250805,0.04008018,0.00431259,0.42280334,0.4313,2.0562,1.0020,3.4895,1.92,0.56,0.48,1.95,5.10,ok
svtav1,512x384,512,384,26,4,200,254615,0.04068904,0.00419927,0.37953433,0.4199,1.9482,1.0172,3.3853,1.79,0.57,0.53,1.98,5.02,ok
svtav1,512x384,512,384,27,4,60,216022,0.03452164,0.00439768,0.39116532,0.4398,1.9778,0.8630,3.2806,1.33,0.57,0.47,1.97,4.50,ok
svtav1,512x384,512,384,27,4,120,223342,0.03569142,0.00443776,0.36637744,0.4438,1.9141,0.8923,3.2502,1.48,0.83,0.50,1.90,4.85,ok
svtav1,512x384,512,384,27,4,180,225548,0.03604396,0.00443487,0.40496966,0.4435,2.0124,0.9011,3.3570,1.64,0.62,0.52,1.96,4.88,ok
svtav1,512x384,512,384,27,4,200,228116,0.03645434,0.00440735,0.37236691,0.4407,1.9297,0.9114,3.2818,1.70,0.55,0.54,1.97,4.89,ok
svtav1,512x384,512,384,28,4,60,195497,0.03124162,0.00455287,0.32489410,0.4553,1.8025,0.7810,3.0388,1.31,0.59,0.48,1.95,4.47,ok
svtav1,512x384,512,384,28,4,120,204175,0.03262842,0.00457916,0.46661842,0.4579,2.1601,0.8157,3.4338,1.33,0.64,0.54,1.97,4.64,ok
svtav1,512x384,512,384,28,4,180,205210,0.03279382,0.00449427,0.41320518,0.4494,2.0327,0.8198,3.3020,1.77,0.62,0.51,1.95,4.98,ok
svtav1,512x384,512,384,28,4,200,206313,0.03297009,0.00450002,0.42293337,0.4500,2.0565,0.8243,3.3308,1.77,0.59,0.55,1.98,5.03,ok
svtav1,512x384,512,384,29,4,60,180137,0.02878700,0.00467575,0.43798667,0.4676,2.0928,0.7197,3.2801,1.33,0.72,0.53,1.98,4.70,ok
svtav1,512x384,512,384,29,4,120,187118,0.02990261,0.00476430,0.43490154,0.4764,2.0854,0.7476,3.3094,1.40,0.55,0.51,2.01,4.61,ok
svtav1,512x384,512,384,29,4,180,187038,0.02988982,0.00466797,0.41118506,0.4668,2.0278,0.7472,3.2418,1.69,0.77,0.51,1.96,5.07,ok
svtav1,512x384,512,384,29,4,200,188675,0.03015143,0.00466934,0.39314917,0.4669,1.9828,0.7538,3.2035,1.71,0.59,0.53,2.02,4.99,ok
svtav1,512x384,512,384,30,4,60,167434,0.02675698,0.00494980,0.44830948,0.4950,2.1173,0.6689,3.2812,1.24,0.48,0.51,2.11,4.51,ok
svtav1,512x384,512,384,30,4,120,173913,0.02779237,0.00484253,0.37540168,0.4843,1.9375,0.6948,3.1166,1.37,0.51,0.43,2.03,4.53,ok
svtav1,512x384,512,384,30,4,180,174892,0.02794882,0.00481262,0.40775749,0.4813,2.0193,0.6987,3.1993,1.58,0.57,0.48,2.08,4.84,ok
svtav1,512x384,512,384,30,4,200,176227,0.02816216,0.00486725,0.46330056,0.4867,2.1524,0.7041,3.3432,1.64,0.87,0.49,2.10,5.24,ok
svtav1,512x384,512,384,31,4,60,154831,0.02474295,0.00502004,0.53312296,0.5020,2.3089,0.6186,3.4295,1.27,0.50,0.47,2.13,4.52,ok
svtav1,512x384,512,384,31,4,120,160409,0.02563434,0.00513418,0.42345822,0.5134,2.0578,0.6409,3.2121,1.33,0.58,0.50,2.09,4.75,ok
svtav1,512x384,512,384,31,4,180,161711,0.02584241,0.00506404,0.41273922,0.5064,2.0316,0.6461,3.1841,1.63,0.55,0.45,2.11,4.90,ok
svtav1,512x384,512,384,31,4,200,163468,0.02612319,0.00489217,0.40987486,0.4892,2.0245,0.6531,3.1668,2.09,0.67,0.50,2.04,5.51,ok
svtav1,512x384,512,384,32,4,60,141651,0.02263670,0.00523895,0.54755896,0.5239,2.3400,0.5659,3.4298,1.51,1.05,0.51,2.03,5.24,ok
svtav1,512x384,512,384,32,4,120,144191,0.02304261,0.00521301,0.42340007,0.5213,2.0577,0.5761,3.1550,1.30,0.60,0.50,2.05,4.60,ok
svtav1,512x384,512,384,32,4,180,145296,0.02321919,0.00510335,0.44556692,0.5103,2.1108,0.5805,3.2017,1.76,0.56,0.50,1.99,4.99,ok
svtav1,512x384,512,384,32,4,200,146457,0.02340473,0.00525574,0.41669932,0.5256,2.0413,0.5851,3.1520,1.70,0.66,0.50,2.15,5.15,ok
svtav1,512x384,512,384,33,4,60,131980,0.02109122,0.00538111,0.57561493,0.5381,2.3992,0.5273,3.4646,1.43,1.08,0.52,2.05,5.23,ok
svtav1,512x384,512,384,33,4,120,134349,0.02146980,0.00537837,0.44780025,0.5378,2.1161,0.5367,3.1907,1.28,0.58,0.54,2.07,4.61,ok
svtav1,512x384,512,384,33,4,180,135463,0.02164782,0.00525136,0.57296300,0.5251,2.3937,0.5412,3.4600,1.51,0.49,0.47,2.08,4.69,ok
svtav1,512x384,512,384,33,4,200,135644,0.02167675,0.00546585,0.55017924,0.5466,2.3456,0.5419,3.4341,1.50,0.62,0.47,2.02,4.75,ok
svtav1,512x384,512,384,34,4,60,123597,0.01975156,0.00548599,0.48705953,0.5486,2.2069,0.4938,3.2493,1.37,0.77,0.48,2.15,4.97,ok
svtav1,512x384,512,384,34,4,120,125465,0.02005008,0.00566925,0.46530810,0.5669,2.1571,0.5013,3.2253,1.57,0.70,0.51,1.96,4.93,ok
svtav1,512x384,512,384,34,4,180,126324,0.02018735,0.00546188,0.41616282,0.5462,2.0400,0.5047,3.0909,1.70,0.86,0.49,1.94,5.13,ok
svtav1,512x384,512,384,34,4,200,126448,0.02020717,0.00575211,0.38336891,0.5752,1.9580,0.5052,3.0384,1.65,0.82,0.50,2.06,5.20,ok
svtav1,512x384,512,384,35,4,60,115265,0.01842006,0.00573232,0.53210682,0.5732,2.3067,0.4605,3.3405,1.18,0.54,0.47,2.06,4.41,ok
svtav1,512x384,512,384,35,4,120,116698,0.01864906,0.00563054,0.58319515,0.5631,2.4149,0.4662,3.4442,1.49,0.62,0.48,1.90,4.69,ok
svtav1,512x384,512,384,35,4,180,117392,0.01875996,0.00568680,0.50844473,0.5687,2.2549,0.4690,3.2926,1.54,0.80,0.48,1.87,4.84,ok
svtav1,512x384,512,384,35,4,200,117651,0.01880135,0.00575073,0.51025581,0.5751,2.2589,0.4700,3.3040,1.51,0.70,0.50,1.93,4.82,ok
svtav1,512x384,512,384,36,4,60,107691,0.01720968,0.00601741,0.57499748,0.6017,2.3979,0.4302,3.4299,1.67,0.63,0.49,1.93,4.88,ok
svtav1,512x384,512,384,36,4,120,107153,0.01712371,0.00593877,0.65374404,0.5939,2.5568,0.4281,3.5788,1.41,0.56,0.52,1.90,4.52,ok
svtav1,512x384,512,384,36,4,180,107660,0.01720473,0.00591527,0.61452752,0.5915,2.4790,0.4301,3.5006,1.55,0.64,0.56,1.96,4.86,ok
svtav1,512x384,512,384,36,4,200,107259,0.01714065,0.00601639,0.61449742,0.6016,2.4789,0.4285,3.5091,1.72,0.76,0.52,1.93,5.08,ok
svtav1,512x384,512,384,37,4,60,101110,0.01615800,0.00589417,0.61111248,0.5894,2.4721,0.4039,3.4654,1.26,0.92,0.54,1.93,4.81,ok
svtav1,512x384,512,384,37,4,120,101021,0.01614378,0.00597636,0.52838981,0.5976,2.2987,0.4036,3.2999,1.51,0.71,0.53,1.95,4.86,ok
svtav1,512x384,512,384,37,4,180,101243,0.01617925,0.00595963,0.52801049,0.5960,2.2978,0.4045,3.2983,1.58,0.70,0.49,1.88,4.79,ok
svtav1,512x384,512,384,37,4,200,100622,0.01608001,0.00601746,0.52994579,0.6017,2.3021,0.4020,3.3058,1.91,0.74,0.51,1.97,5.28,ok
svtav1,512x384,512,384,38,4,60,95026,0.01518574,0.00616959,0.69794923,0.6170,2.6419,0.3796,3.6385,1.30,0.61,0.52,1.99,4.55,ok
svtav1,512x384,512,384,38,4,120,94729,0.01513828,0.00634491,0.54885483,0.6345,2.3428,0.3785,3.3557,1.29,0.64,0.55,1.96,4.57,ok
svtav1,512x384,512,384,38,4,180,94877,0.01516193,0.00623322,0.68415159,0.6233,2.6156,0.3790,3.6180,1.55,0.64,0.55,2.05,4.94,ok
svtav1,512x384,512,384,38,4,200,94196,0.01505310,0.00639511,0.61416584,0.6395,2.4782,0.3763,3.4941,1.56,0.67,0.54,2.02,4.94,ok
svtav1,512x384,512,384,39,4,60,89098,0.01423841,0.00634888,0.63069552,0.6349,2.5114,0.3560,3.5022,1.08,0.56,0.52,2.07,4.37,ok
svtav1,512x384,512,384,39,4,120,88856,0.01419974,0.00641978,0.59494263,0.6420,2.4391,0.3550,3.4361,1.25,0.50,0.46,2.11,4.45,ok
svtav1,512x384,512,384,39,4,180,88897,0.01420629,0.00643219,0.67176777,0.6432,2.5918,0.3552,3.5902,1.44,0.68,0.50,1.94,4.72,ok
svtav1,512x384,512,384,39,4,200,88212,0.01409682,0.00660914,0.61122370,0.6609,2.4723,0.3524,3.4856,1.71,0.46,0.48,2.08,4.87,ok
svtav1,512x384,512,384,40,4,60,82814,0.01323419,0.00648422,0.59747678,0.6484,2.4443,0.3309,3.4236,1.31,0.66,0.47,2.10,4.70,ok
svtav1,512x384,512,384,40,4,120,83600,0.01335979,0.00641510,0.71409607,0.6415,2.6723,0.3340,3.6478,1.45,0.76,0.47,2.01,4.84,ok
svtav1,512x384,512,384,40,4,180,83177,0.01329220,0.00661270,0.82438177,0.6613,2.8712,0.3323,3.8648,1.77,0.70,0.52,2.00,5.28,ok
svtav1,512x384,512,384,40,4,200,82462,0.01317793,0.00679937,0.80862522,0.6799,2.8436,0.3294,3.8530,1.74,0.67,0.56,2.03,5.15,ok
svtav1,512x384,512,384,41,4,60,77790,0.01243132,0.00659012,0.66428864,0.6590,2.5774,0.3108,3.5472,1.34,0.56,0.47,2.06,4.60,ok
svtav1,512x384,512,384,41,4,120,77785,0.01243052,0.00702662,0.48031050,0.7027,2.1916,0.3108,3.2050,1.53,0.78,0.51,1.92,4.88,ok
svtav1,512x384,512,384,41,4,180,77790,0.01243132,0.00654170,0.62369561,0.6542,2.4974,0.3108,3.4623,1.62,0.61,0.46,2.01,4.92,ok
svtav1,512x384,512,384,41,4,200,77110,0.01232265,0.00663549,0.62161618,0.6635,2.4932,0.3081,3.4648,1.64,0.62,0.53,1.93,4.86,ok
svtav1,522x392,522,392,26,4,60,274688,0.04389683,0.00407649,0.43630505,0.4076,2.0888,1.0974,3.5939,1.29,0.78,0.52,1.96,4.74,ok
svtav1,522x392,522,392,26,4,120,285525,0.04562865,0.00402232,0.37144196,0.4022,1.9273,1.1407,3.4702,1.67,0.71,0.49,1.94,5.01,ok
svtav1,522x392,522,392,26,4,180,286260,0.04574611,0.00400930,0.36565733,0.4009,1.9122,1.1437,3.4568,1.78,0.58,0.48,1.96,4.95,ok
svtav1,522x392,522,392,26,4,200,289302,0.04623224,0.00396001,0.34808514,0.3960,1.8657,1.1558,3.4175,1.68,0.55,0.48,1.98,4.86,ok
svtav1,522x392,522,392,27,4,60,245736,0.03927012,0.00431722,0.37488788,0.4317,1.9362,0.9818,3.3497,1.35,0.60,0.50,1.92,4.51,ok
svtav1,522x392,522,392,27,4,120,253833,0.04056407,0.00421214,0.39613453,0.4212,1.9903,1.0141,3.4256,1.39,0.52,0.55,1.93,4.55,ok
svtav1,522x392,522,392,27,4,180,255524,0.04083431,0.00418594,0.40632805,0.4186,2.0158,1.0209,3.4552,1.64,0.58,0.53,1.78,4.70,ok
svtav1,522x392,522,392,27,4,200,258415,0.04129631,0.00420675,0.38617769,0.4207,1.9651,1.0324,3.4182,1.56,1.00,0.48,1.58,4.76,ok
svtav1,522x392,522,392,28,4,60,223603,0.03573313,0.00449071,0.44445455,0.4491,2.1082,0.8933,3.4506,1.23,0.69,0.54,1.63,4.23,ok
svtav1,522x392,522,392,28,4,120,231894,0.03705809,0.00457621,0.41678184,0.4576,2.0415,0.9265,3.4256,1.52,0.51,0.48,1.68,4.34,ok
svtav1,522x392,522,392,28,4,180,231881,0.03705601,0.00446162,0.39018339,0.4462,1.9753,0.9264,3.3479,1.57,0.60,0.49,1.68,4.49,ok
svtav1,522x392,522,392,28,4,200,235190,0.03758481,0.00436976,0.35718244,0.4370,1.8899,0.9396,3.2665,1.45,0.58,0.51,1.71,4.40,ok
svtav1,522x392,522,392,29,4,60,206088,0.03293413,0.00480998,0.40842417,0.4810,2.0210,0.8234,3.3253,1.23,0.58,0.53,1.57,4.06,ok
svtav1,522x392,522,392,29,4,120,212205,0.03391166,0.00456116,0.42219573,0.4561,2.0547,0.8478,3.3586,1.45,0.61,0.48,1.50,4.17,ok
svtav1,522x392,522,392,29,4,180,213043,0.03404558,0.00472509,0.46118724,0.4725,2.1475,0.8511,3.4712,1.52,0.63,0.47,1.54,4.29,ok
svtav1,522x392,522,392,29,4,200,216078,0.03453059,0.00448278,0.42752022,0.4483,2.0677,0.8633,3.3792,1.49,0.50,0.48,1.59,4.18,ok
svtav1,522x392,522,392,30,4,60,191377,0.03058322,0.00469991,0.37209922,0.4700,1.9290,0.7646,3.1636,1.15,0.49,0.49,1.67,3.96,ok
svtav1,522x392,522,392,30,4,120,195846,0.03129740,0.00475581,0.43177626,0.4756,2.0779,0.7824,3.3359,1.30,0.53,0.49,1.69,4.15,ok
svtav1,522x392,522,392,30,4,180,197580,0.03157450,0.00476028,0.42782435,0.4760,2.0684,0.7894,3.3338,1.63,0.52,0.45,1.56,4.30,ok
svtav1,522x392,522,392,30,4,200,200206,0.03199415,0.00465693,0.40934643,0.4657,2.0232,0.7999,3.2888,1.40,0.54,0.49,1.55,4.12,ok
svtav1,522x392,522,392,31,4,60,175313,0.02801610,0.00483276,0.45284447,0.4833,2.1280,0.7004,3.3117,1.19,0.66,0.47,1.59,4.06,ok
svtav1,522x392,522,392,31,4,120,179281,0.02865021,0.00500229,0.47808197,0.5002,2.1865,0.7163,3.4030,1.38,0.84,0.55,1.53,4.44,ok
svtav1,522x392,522,392,31,4,180,181040,0.02893131,0.00480215,0.45402679,0.4802,2.1308,0.7233,3.3343,1.36,0.63,0.60,1.58,4.33,ok
svtav1,522x392,522,392,31,4,200,183627,0.02934472,0.00497070,0.43055323,0.4971,2.0750,0.7336,3.3057,1.28,0.46,0.47,1.65,3.99,ok
svtav1,522x392,522,392,32,4,60,159641,0.02551161,0.00508865,0.39916340,0.5089,1.9979,0.6378,3.1446,1.15,0.57,0.49,1.42,3.76,ok
svtav1,522x392,522,392,32,4,120,162037,0.02589451,0.00518499,0.51496494,0.5185,2.2693,0.6474,3.4351,1.30,0.49,0.51,1.41,3.86,ok
svtav1,522x392,522,392,32,4,180,164021,0.02621156,0.00495850,0.49292198,0.4958,2.2202,0.6553,3.3713,1.34,0.58,0.45,1.47,3.98,ok
svtav1,522x392,522,392,32,4,200,165112,0.02638591,0.00498428,0.47031105,0.4984,2.1687,0.6596,3.3267,1.30,0.43,0.52,1.52,3.90,ok
svtav1,522x392,522,392,33,4,60,147924,0.02363916,0.00514842,0.43143317,0.5148,2.0771,0.5910,3.1829,1.14,0.52,0.46,1.45,3.70,ok
svtav1,522x392,522,392,33,4,120,150816,0.02410132,0.00527786,0.51594114,0.5278,2.2714,0.6025,3.4018,1.19,0.44,0.42,1.40,3.60,ok
svtav1,522x392,522,392,33,4,180,150026,0.02397508,0.00513000,0.45478582,0.5130,2.1326,0.5994,3.2449,1.27,0.45,0.50,1.53,3.90,ok
svtav1,522x392,522,392,33,4,200,149822,0.02394248,0.00514420,0.43930438,0.5144,2.0960,0.5986,3.2089,1.34,0.40,0.46,1.53,3.86,ok
svtav1,522x392,522,392,34,4,60,137834,0.02202672,0.00554301,0.44435835,0.5543,2.1080,0.5507,3.2129,1.07,0.48,0.42,1.42,3.52,ok
svtav1,522x392,522,392,34,4,120,140299,0.02242064,0.00556254,0.49837625,0.5563,2.2324,0.5605,3.3492,1.12,0.44,0.45,1.42,3.56,ok
svtav1,522x392,522,392,34,4,180,139965,0.02236727,0.00552363,0.46669456,0.5524,2.1603,0.5592,3.2719,1.39,0.49,0.49,1.46,3.97,ok
svtav1,522x392,522,392,34,4,200,139738,0.02233099,0.00537364,0.47921962,0.5374,2.1891,0.5583,3.2847,1.25,0.40,0.40,1.59,3.78,ok
svtav1,522x392,522,392,35,4,60,127541,0.02038184,0.00571782,0.61258221,0.5718,2.4750,0.5095,3.5564,1.21,0.53,0.50,1.56,3.97,ok
svtav1,522x392,522,392,35,4,120,128454,0.02052774,0.00560308,0.55336887,0.5603,2.3524,0.5132,3.4259,1.24,0.62,0.43,1.42,3.85,ok
svtav1,522x392,522,392,35,4,180,127837,0.02042914,0.00556508,0.59173334,0.5565,2.4326,0.5107,3.4998,1.30,0.47,0.47,1.49,3.87,ok
svtav1,522x392,522,392,35,4,200,127821,0.02042658,0.00542938,0.64762157,0.5429,2.5448,0.5107,3.5984,1.23,0.47,0.52,1.57,3.93,ok
svtav1,522x392,522,392,36,4,60,118973,0.01901262,0.00571431,0.48867488,0.5714,2.2106,0.4753,3.2573,1.08,0.52,0.48,1.59,3.80,ok
svtav1,522x392,522,392,36,4,120,118462,0.01893096,0.00587606,0.43845558,0.5876,2.0939,0.4733,3.1548,1.06,0.52,0.41,1.41,3.54,ok
svtav1,522x392,522,392,36,4,180,118917,0.01900367,0.00561971,0.53002304,0.5620,2.3022,0.4751,3.3393,1.32,0.44,0.47,1.51,3.89,ok
svtav1,522x392,522,392,36,4,200,118844,0.01899200,0.00567276,0.52757615,0.5673,2.2969,0.4748,3.3390,1.21,0.46,0.46,1.53,3.79,ok
svtav1,522x392,522,392,37,4,60,111801,0.01786649,0.00624171,0.55644184,0.6242,2.3589,0.4467,3.4297,1.03,0.44,0.44,1.51,3.56,ok
svtav1,522x392,522,392,37,4,120,110711,0.01769230,0.00603602,0.58159649,0.6036,2.4116,0.4423,3.4575,1.05,0.56,0.40,1.41,3.56,ok
svtav1,522x392,522,392,37,4,180,110524,0.01766241,0.00593297,0.44875526,0.5933,2.1184,0.4416,3.1532,1.28,0.47,0.46,1.47,3.83,ok
svtav1,522x392,522,392,37,4,200,110285,0.01762422,0.00568883,0.44397509,0.5689,2.1071,0.4406,3.1166,1.22,0.41,0.49,1.53,3.79,ok
svtav1,522x392,522,392,38,4,60,104423,0.01668744,0.00605204,0.59624696,0.6052,2.4418,0.4172,3.4642,1.03,0.46,0.42,1.50,3.57,ok
svtav1,522x392,522,392,38,4,120,103368,0.01651884,0.00616587,0.60600948,0.6166,2.4617,0.4130,3.4913,1.06,0.47,0.44,1.45,3.55,ok
svtav1,522x392,522,392,38,4,180,103171,0.01648736,0.00607666,0.52987605,0.6077,2.3019,0.4122,3.3218,1.20,0.53,0.47,1.45,3.77,ok
svtav1,522x392,522,392,38,4,200,102701,0.01641225,0.00607066,0.54856092,0.6071,2.3421,0.4103,3.3595,1.24,0.42,0.48,1.57,3.85,ok
svtav1,522x392,522,392,39,4,60,97071,0.01551254,0.00622233,0.62726969,0.6222,2.5045,0.3878,3.5146,1.06,0.45,0.41,1.48,3.52,ok
svtav1,522x392,522,392,39,4,120,96697,0.01545278,0.00654897,0.47626692,0.6549,2.1824,0.3863,3.2236,1.11,0.45,0.48,1.43,3.60,ok
svtav1,522x392,522,392,39,4,180,96497,0.01542081,0.00614772,0.49867710,0.6148,2.2331,0.3855,3.2334,1.18,0.45,0.44,1.53,3.76,ok
svtav1,522x392,522,392,39,4,200,95993,0.01534027,0.00621491,0.48968992,0.6215,2.2129,0.3835,3.2179,1.20,0.53,0.47,1.58,3.91,ok
svtav1,522x392,522,392,40,4,60,91698,0.01465390,0.00630218,0.51658988,0.6302,2.2729,0.3663,3.2694,1.15,0.46,0.47,1.47,3.73,ok
svtav1,522x392,522,392,40,4,120,90884,0.01452382,0.00630961,0.48299435,0.6310,2.1977,0.3631,3.1918,1.10,0.42,0.43,1.45,3.56,ok
svtav1,522x392,522,392,40,4,180,91092,0.01455706,0.00633794,0.53353417,0.6338,2.3098,0.3639,3.3076,1.20,0.45,0.43,1.51,3.72,ok
svtav1,522x392,522,392,40,4,200,90672,0.01448994,0.00662399,0.51990008,0.6624,2.2801,0.3622,3.3048,1.19,0.45,0.47,1.58,3.80,ok
svtav1,522x392,522,392,41,4,60,85595,0.01367861,0.00686656,0.60468280,0.6867,2.4590,0.3420,3.4877,1.08,0.49,0.48,1.56,3.78,ok
svtav1,522x392,522,392,41,4,120,85079,0.01359615,0.00634226,0.52014726,0.6342,2.2807,0.3399,3.2548,1.21,0.48,0.50,1.46,3.78,ok
svtav1,522x392,522,392,41,4,180,84676,0.01353175,0.00662277,0.40708479,0.6623,2.0176,0.3383,3.0182,1.38,0.53,0.50,1.53,4.08,ok
svtav1,522x392,522,392,41,4,200,84193,0.01345456,0.00655375,0.43935448,0.6554,2.0961,0.3364,3.0878,1.37,0.56,0.54,1.67,4.28,ok
