pair,base_mse,best_mse,improve,dx,dy,qx,qy
97,0.002051321789622307,0.0015045912005007267,0.0005467305891215801,0.4,0.0,4,0
280,0.0009886586340144277,0.0004555723280645907,0.000533086305949837,-0.2,0.0,-2,0
62,0.0015998382586985826,0.0010835316497832537,0.000516306608915329,1.2,-0.2,12,-2
99,0.0015963481273502111,0.001112122554332018,0.00048422557301819324,0.0,-0.1,0,-1
430,0.0013469562400132418,0.000913096300791949,0.00043385993922129273,0.3,0.0,3,0
107,0.0012450693175196648,0.0008550187340006232,0.00039005058351904154,0.1,-0.1,1,-1
137,0.0010288041085004807,0.0006438787095248699,0.00038492539897561073,-0.4,0.0,-4,0
114,0.0015959842130541801,0.001240025507286191,0.00035595870576798916,0.5,0.1,5,1
59,0.0018972661346197128,0.0015605001244693995,0.0003367660101503134,-0.6,-0.1,-6,-1
34,0.00047571928007528186,0.00017496111104264855,0.0003007581690326333,-2.5,0.0,-25,0
366,0.0004298458807170391,0.00012992476695217192,0.0002999211137648672,1.0,0.0,10,0
333,0.0005931939231231809,0.00030053011141717434,0.0002926638117060065,-2.6,0.0,-26,0
478,0.00032522273249924183,4.806357901543379e-05,0.00027715915348380804,1.9,-0.1,19,-1
223,0.0007498087361454964,0.0004746216582134366,0.00027518707793205976,0.2,0.1,2,1
197,0.002792184241116047,0.0025185642298310995,0.0002736200112849474,0.4,-0.7,4,-7
293,0.0005116305546835065,0.00024383849813602865,0.00026779205654747784,-2.9,0.2,-29,2
436,0.0009527676738798618,0.0006854321691207588,0.00026733550475910306,-0.1,0.1,-1,1
116,0.0011327126994729042,0.0008661424508318305,0.0002665702486410737,-0.9,-0.1,-9,-1
304,0.0006719428929500282,0.00041055603651329875,0.00026138685643672943,0.3,0.0,3,0
481,0.00035991391632705927,0.00011791130964411423,0.00024200260668294504,-2.5,0.5,-25,5
311,0.0005643985932692885,0.0003228376153856516,0.00024156097788363695,0.2,0.0,2,0
234,0.0003491567331366241,0.0001176305377157405,0.0002315261954208836,-2.7,-0.1,-27,-1
576,0.000361396640073508,0.00013341123121790588,0.00022798540885560215,-0.4,0.0,-4,0
513,0.00043543335050344467,0.00020798901095986366,0.000227444339543581,-1.9,-0.1,-19,-1
227,0.0004782734322361648,0.0002511684433557093,0.0002271049888804555,-2.2,-0.2,-22,-2
449,0.00033558611175976694,0.0001140833119279705,0.00022150279983179644,-1.2,-0.1,-12,-1
547,0.0006901384331285954,0.0004696124233305454,0.00022052600979804993,-2.7,0.1,-27,1
509,0.0010740194702520967,0.0008587256888858974,0.00021529378136619925,0.6,0.0,6,0
334,0.0003689876466523856,0.00015580345643684268,0.0002131841902155429,-2.7,-0.1,-27,-1
295,0.0008177330601029098,0.0006075941491872072,0.00021013891091570258,-0.1,0.0,-1,0
404,0.0009147156961262226,0.0007082902593538165,0.0002064254367724061,1.4,0.1,14,1
274,0.0006709608132950962,0.0004697791300714016,0.00020118168322369456,-1.7,0.2,-17,2
191,0.0015403772704303265,0.0013427471276372671,0.00019763014279305935,0.2,0.1,2,1
291,0.00036366889253258705,0.00016723040607757866,0.0001964384864550084,0.6,0.0,6,0
328,0.00037691715988330543,0.0001884244120446965,0.00018849274783860892,0.7,-0.5,7,-5
595,0.00018698954954743385,3.4406054965074873e-06,0.00018354894405092637,2.4,0.0,24,0
235,0.000445719895651564,0.000265271810349077,0.00018044808530248702,-2.9,0.4,-29,4
64,0.002057037316262722,0.00188033829908818,0.00017669901717454195,-0.1,0.0,-1,0
268,0.0007304101600311697,0.000554327096324414,0.00017608306370675564,-1.4,0.2,-14,2
104,0.0008089360781013966,0.0006330760079436004,0.00017586007015779614,0.4,0.1,4,1
500,0.001293387496843934,0.001117931678891182,0.0001754558179527521,0.4,-0.2,4,-2
53,0.0002468677412252873,7.408548117382452e-05,0.0001727822600514628,-0.9,-0.2,-9,-2
386,0.0003750077448785305,0.00020818260964006186,0.00016682513523846865,-0.6,0.0,-6,0
370,0.000557036604732275,0.00039110713987611234,0.00016592946485616267,0.8,-0.4,8,-4
13,0.00021072453819215298,4.8020676331361756e-05,0.00016270386186079122,-2.3,0.0,-23,0
158,0.0012586143566295505,0.0010964875109493732,0.0001621268456801772,1.8,-0.2,18,-2
103,0.0010046487441286445,0.0008453310001641512,0.00015931774396449327,-0.4,0.2,-4,2
434,0.0011142038274556398,0.0009616150055080652,0.00015258882194757462,0.3,-0.2,3,-2
307,0.00048601231537759304,0.0003348405589349568,0.00015117175644263625,0.0,-0.2,0,-2
383,0.0002048928727163002,5.873751797480509e-05,0.0001461553547414951,0.2,0.1,2,1
426,0.0010412309784442186,0.0008957639802247286,0.00014546699821949005,0.2,0.1,2,1
152,0.0012029540957883,0.0010589336743578315,0.00014402042143046856,-0.3,-0.1,-3,-1
217,0.0003432088706176728,0.00020318623865023255,0.00014002263196744025,-2.9,0.2,-29,2
510,0.000491337850689888,0.0003528226516209543,0.00013851519906893373,-1.7,0.2,-17,2
83,0.00023672785027883947,9.860112913884223e-05,0.00013812672113999724,0.7,0.0,7,0
453,0.00032325711799785495,0.00018662055663298815,0.0001366365613648668,0.5,-0.1,5,-1
514,0.0003329363826196641,0.00019719693227671087,0.0001357394503429532,-1.1,0.7,-11,7
133,0.0010511355940252542,0.0009202006622217596,0.0001309349318034947,-0.1,0.2,-1,2
11,0.00015653281298000365,2.8748894692398608e-05,0.00012778391828760505,0.4,0.1,4,1
128,0.0025073648430407047,0.002381631638854742,0.00012573320418596268,0.3,0.1,3,1
416,0.00018008807091973722,5.479107130668126e-05,0.00012529699961305596,-0.1,0.0,-1,0
2,0.00017433175526093692,4.918363265460357e-05,0.00012514812260633335,0.6,0.5,6,5
12,0.00014598260167986155,2.1935526092420332e-05,0.0001240470755874412,-1.5,0.0,-15,0
46,0.00016455729200970381,4.2394087358843535e-05,0.00012216320465086028,-0.2,0.1,-2,1
102,0.0007514773169532418,0.0006348327733576298,0.00011664454359561205,0.2,-0.2,2,-2
269,0.00027558632427826524,0.0001594308705534786,0.00011615545372478664,-2.3,-0.2,-23,-2
597,0.00019522345974110067,7.935379107948393e-05,0.00011586966866161674,-2.1,-0.5,-21,-5
296,0.000232152349781245,0.00011644749611150473,0.00011570485366974026,-0.1,0.2,-1,2
261,0.00019667767628561705,8.173495007213205e-05,0.000114942726213485,1.0,0.1,10,1
117,0.0011549314949661493,0.001040527131408453,0.00011440436355769634,-0.4,0.1,-4,1
554,0.00047797750448808074,0.00036472518695518374,0.000113252317532897,-0.7,0.0,-7,0
278,0.0004962712409906089,0.0003835144452750683,0.00011275679571554065,-1.0,-0.1,-10,-1
474,0.00012028678611386567,7.702867151238024e-06,0.00011258391896262765,-1.4,0.1,-14,1
598,0.0003541682963259518,0.00024177580780815333,0.00011239248851779848,0.0,0.1,0,1
118,0.0008877819636836648,0.0007766791386529803,0.00011110282503068447,1.2,0.1,12,1
9,0.00014821196964476258,3.7825135223101825e-05,0.00011038683442166075,-2.5,0.1,-25,1
221,0.0011870458256453276,0.0010787174105644226,0.00010832841508090496,-0.6,0.2,-6,2
330,0.0003436477272771299,0.00023712401161901653,0.00010652371565811336,0.0,-0.1,0,-1
425,0.0009525860659778118,0.0008487931918352842,0.00010379287414252758,0.2,0.0,2,0
346,0.0002431908214930445,0.00013977459457237273,0.00010341622692067176,-1.3,1.0,-13,10
58,0.00048742786748334765,0.0003840985882561654,0.00010332927922718227,-0.7,-0.2,-7,-2
63,0.0011003254912793636,0.0009971971157938242,0.00010312837548553944,-0.1,0.0,-1,0
315,0.0005347232217900455,0.0004324282053858042,0.00010229501640424132,0.5,-0.1,5,-1
537,0.0007782154716551304,0.0006767238955944777,0.00010149157606065273,-2.1,-0.1,-21,-1
153,0.0018312509637326002,0.0017301447223871946,0.00010110624134540558,-0.4,-0.2,-4,-2
340,0.0003078377339988947,0.00020701908215414733,0.00010081865184474736,-2.6,-0.1,-26,-1
452,0.000355089403456077,0.0002547656185925007,0.00010032378486357629,-1.7,0.1,-17,1
444,0.0003262437821831554,0.0002284016227349639,9.784215944819152e-05,-0.1,-0.1,-1,-1
69,0.0025400444865226746,0.002443650970235467,9.63935162872076e-05,0.0,-0.1,0,-1
80,0.0002074697258649394,0.0001129213924286887,9.454833343625069e-05,0.1,0.0,1,0
282,0.000604333879891783,0.0005116913234815001,9.264255641028285e-05,0.2,-0.1,2,-1
45,0.00011672922846628353,2.44160219153855e-05,9.231320655089803e-05,-2.5,0.0,-25,0
31,0.00010032195132225752,8.371719559363555e-06,9.195023176289396e-05,-0.3,0.2,-3,2
96,0.000813920923974365,0.0007227118476293981,9.120907634496689e-05,0.4,-0.2,4,-2
459,0.00014153571100905538,5.157547275302932e-05,8.996023825602606e-05,0.3,-0.1,3,-1
237,0.00022515474120154977,0.00013553680037148297,8.96179408300668e-05,-2.0,0.5,-20,5
343,0.00036885158624500036,0.00028023889171890914,8.861269452609122e-05,-2.1,0.2,-21,2
367,0.0007192932534962893,0.0006308691808953881,8.842407260090113e-05,0.0,0.2,0,2
345,0.00043101340997964144,0.00034315240918658674,8.78610007930547e-05,-0.7,0.0,-7,0
326,0.00043547037057578564,0.0003482260217424482,8.724434883333743e-05,0.7,-0.1,7,-1
188,0.0008279182948172092,0.0007410472608171403,8.68710340000689e-05,-0.7,0.0,-7,0
396,0.0006679798243567348,0.0005827104905620217,8.526933379471302e-05,-0.4,0.2,-4,2
470,0.00011769329285016283,3.334354187245481e-05,8.434975097770803e-05,-1.7,0.1,-17,1
228,0.000342128420015797,0.00025845071650110185,8.367770351469517e-05,0.4,0.2,4,2
75,0.0011830676812678576,0.001099626300856471,8.344138041138649e-05,0.0,-0.2,0,-2
420,0.0017041576793417335,0.0016217930242419243,8.236465509980917e-05,0.3,0.0,3,0
301,0.00047175551299005747,0.0003919533337466419,7.98021792434156e-05,0.4,-0.1,4,-1
275,0.001236491370946169,0.001156815211288631,7.967615965753794e-05,0.7,-0.2,7,-2
180,0.0008523756405338645,0.000773195642977953,7.917999755591154e-05,-0.3,-0.1,-3,-1
267,0.00021785787248518318,0.00013880632468499243,7.905154780019075e-05,-0.5,0.0,-5,0
511,0.0005346889374777675,0.0004558117943815887,7.887714309617877e-05,1.2,0.2,12,2
85,0.0008580020512454212,0.0007795736892148852,7.842836203053594e-05,0.0,-0.2,0,-2
110,0.0011220906162634492,0.0010437298333272338,7.83607829362154e-05,0.0,0.1,0,1
277,0.0010243018623441458,0.0009459441062062979,7.83577561378479e-05,0.7,0.1,7,1
65,0.001032606465741992,0.0009551728144288063,7.743365131318569e-05,0.2,0.0,2,0
57,0.00032051457674242556,0.0002447929000481963,7.572167669422925e-05,-1.6,-0.2,-16,-2
522,0.00042537617264315486,0.00034984861849807203,7.552755414508283e-05,-2.5,0.5,-25,5
231,0.000492547987960279,0.00041709651122801006,7.545147673226893e-05,0.1,0.2,1,2
355,0.0005085280281491578,0.00043337405077181756,7.51539773773402e-05,-1.8,0.6,-18,6
79,0.0005836766213178635,0.00050976756028831,7.390906102955341e-05,-0.2,-0.1,-2,-1
309,0.0007984951371327043,0.0007255342788994312,7.296085823327303e-05,0.3,-0.1,3,-1
504,0.0003105135983787477,0.00023817381588742137,7.233978249132633e-05,0.7,-0.3,7,-3
32,0.00014602375449612737,7.549145084340125e-05,7.053230365272611e-05,-0.8,0.6,-8,6
361,0.00021807038865517825,0.00014765023661311716,7.042015204206109e-05,0.6,-0.5,6,-5
263,0.0004125310806557536,0.0003421613364480436,7.036974420771003e-05,-1.2,-0.1,-12,-1
236,0.0002530209894757718,0.00018283647659700364,7.018451287876815e-05,-2.8,-0.2,-28,-2
399,0.0004094864707440138,0.0003393918741494417,7.009459659457207e-05,0.0,0.1,0,1
254,0.00016360833251383156,9.474451508140191e-05,6.886381743242964e-05,-0.7,0.1,-7,1
276,0.0009397701360285282,0.0008709367248229682,6.883341120555997e-05,-0.4,-0.1,-4,-1
271,0.0004437370807863772,0.0003758163074962795,6.792077329009771e-05,-0.9,0.5,-9,5
451,0.0005463366396725178,0.0004793252737727016,6.701136589981616e-05,0.1,0.0,1,0
134,0.0019231336191296577,0.0018561858450993896,6.694777403026819e-05,0.1,0.2,1,2
418,0.0009176055900752544,0.0008508394239470363,6.676616612821817e-05,0.2,-0.1,2,-1
148,0.0018649138510227203,0.0017996070673689246,6.530678365379572e-05,0.0,0.2,0,2
488,0.00029481269302777946,0.0002300530904904008,6.475960253737867e-05,0.4,0.1,4,1
249,0.0002757158945314586,0.00021221942733973265,6.349646719172597e-05,-1.4,-0.5,-14,-5
305,0.0007122598472051322,0.0006501071620732546,6.215268513187766e-05,0.2,0.0,2,0
435,0.0013000061735510826,0.001238228753209114,6.177742034196854e-05,-1.2,-0.5,-12,-5
354,0.0003412186342757195,0.00028070248663425446,6.051614764146507e-05,-2.5,0.1,-25,1
484,0.00020189097267575562,0.0001416880259057507,6.020294677000493e-05,-0.1,0.2,-1,2
373,0.00026147597236558795,0.00020149871124885976,5.9977261116728187e-05,-2.1,-0.5,-21,-5
400,0.00031870658858679235,0.00026019304641522467,5.851354217156768e-05,-0.2,0.2,-2,2
580,7.138551154639572e-05,1.3209373719291762e-05,5.817613782710396e-05,0.4,0.1,4,1
596,0.00019838439766317606,0.0001406575320288539,5.7726865634322166e-05,-1.1,-0.5,-11,-5
120,0.0015570218674838543,0.0015003976877778769,5.662417970597744e-05,0.3,0.1,3,1
313,0.0002627332287374884,0.0002061812556348741,5.6551973102614284e-05,-0.1,0.2,-1,2
264,0.00010015565203502774,4.378594894660637e-05,5.6369703088421375e-05,-1.2,0.1,-12,1
67,0.0015650603454560041,0.0015087383799254894,5.632196553051472e-05,-0.4,-0.2,-4,-2
106,0.002153851557523012,0.0020975491497665644,5.630240775644779e-05,-0.1,0.2,-1,2
73,0.0009185100789181888,0.0008630919037386775,5.541817517951131e-05,0.1,0.1,1,1
169,0.0009992108680307865,0.0009443423477932811,5.4868520237505436e-05,-0.4,0.2,-4,2
193,0.001317356713116169,0.0012626642128452659,5.469250027090311e-05,-0.4,0.2,-4,2
314,0.00039948750054463744,0.0003448882489465177,5.4599251598119736e-05,0.4,-0.2,4,-2
205,0.000946380605455488,0.0008925970178097486,5.378358764573932e-05,-0.1,0.2,-1,2
546,0.0005577146075665951,0.0005044517456553876,5.326286191120744e-05,0.8,-0.1,8,-1
414,0.00028774887323379517,0.0002347324916627258,5.301638157106936e-05,-2.3,0.1,-23,1
287,0.0003900461015291512,0.000337290286552161,5.275581497699022e-05,-0.7,-0.1,-7,-1
172,0.0007439226610586047,0.0006918940925970674,5.202856846153736e-05,0.1,0.0,1,0
258,7.600009848829359e-05,2.4739911168580875e-05,5.126018731971271e-05,-0.6,0.2,-6,2
524,0.0003701812820509076,0.000319410435622558,5.0770846428349614e-05,0.0,-0.2,0,-2
428,0.00025065720546990633,0.00020007111015729606,5.058609531261027e-05,0.3,0.1,3,1
78,0.0010682221036404371,0.001018728711642325,4.94933919981122e-05,0.1,-0.1,1,-1
422,0.0008966145105659962,0.000847429852001369,4.918465856462717e-05,0.1,-0.2,1,-2
417,0.00014766695676371455,9.859589044936001e-05,4.907106631435454e-05,-0.4,0.2,-4,2
377,0.00012998728197999299,8.211001113522798e-05,4.787727084476501e-05,-0.4,0.0,-4,0
339,0.0001858492469182238,0.00013832695549353957,4.7522291424684227e-05,0.4,0.0,4,0
126,0.0014181111473590136,0.0013710928615182638,4.701828584074974e-05,-0.1,0.0,-1,0
220,0.00017779064364731312,0.0001307790371356532,4.701160651165992e-05,-1.1,-0.5,-11,-5
165,0.0015579303726553917,0.0015110274543985724,4.690291825681925e-05,0.4,-0.1,4,-1
549,0.0006772977067157626,0.0006324042333289981,4.4893473386764526e-05,-1.0,0.0,-10,0
538,0.0005077315727248788,0.0004634963988792151,4.423517384566367e-05,-2.5,0.2,-25,2
457,9.099288581637666e-05,4.726041152025573e-05,4.373247429612093e-05,-0.1,-0.2,-1,-2
390,0.0003213477903045714,0.00027796177892014384,4.338601138442755e-05,0.3,-0.2,3,-2
189,0.0016249421751126647,0.0015818520914763212,4.309008363634348e-05,0.0,0.1,0,1
284,0.0006927334470674396,0.0006498874863609672,4.28459607064724e-05,0.3,0.2,3,2
530,0.00047799324966035783,0.0004354930715635419,4.2500178096815944e-05,0.0,-0.2,0,-2
302,0.00039265432860702276,0.0003502874169498682,4.236691165715456e-05,-0.5,0.1,-5,1
173,0.0008203270845115185,0.0007781169260852039,4.221015842631459e-05,0.1,0.1,1,1
577,0.0001519188517704606,0.00011039961100323126,4.151924076722935e-05,0.0,-0.1,0,-1
518,0.00040635286131873727,0.00036493776133283973,4.141509998589754e-05,0.4,-0.2,4,-2
86,0.0007591843022964895,0.0007189587922766805,4.022551001980901e-05,0.1,-0.1,1,-1
423,0.0014861326199024916,0.0014459965750575066,4.013604484498501e-05,0.1,0.0,1,0
401,0.00038766590296290815,0.00034797954140231013,3.9686361560598016e-05,-0.1,0.1,-1,1
61,0.0010067472467198968,0.0009673477034084499,3.9399543311446905e-05,0.4,0.0,4,0
473,0.00016183106345124543,0.00012306714779697359,3.876391565427184e-05,0.2,0.1,2,1
300,0.00045640647294931114,0.0004178619710728526,3.8544501876458526e-05,0.1,-0.1,1,-1
290,0.0007844343199394643,0.0007462244248017669,3.820989513769746e-05,0.3,0.2,3,2
427,0.0006267130374908447,0.0005889101885259151,3.780284896492958e-05,0.1,0.0,1,0
214,0.0002098452387144789,0.00017215532716363668,3.7689911550842226e-05,0.0,0.1,0,1
456,0.00025627465220168233,0.00021893210941925645,3.734254278242588e-05,-0.7,0.2,-7,2
243,6.502500036731362e-05,2.8338412448647432e-05,3.668658791866619e-05,-1.7,-0.1,-17,-1
124,0.0008800794603303075,0.0008437273791059852,3.635208122432232e-05,-0.3,0.0,-3,0
308,0.0004962538951076567,0.0004608671588357538,3.538673627190292e-05,0.2,-0.2,2,-2
241,5.1584531320258975e-05,1.643818904994987e-05,3.5146342270309106e-05,-1.4,-0.1,-14,-1
312,0.00024771783500909805,0.00021274764731060714,3.497018769849092e-05,0.3,-0.2,3,-2
348,0.00017289344395976514,0.000138584800879471,3.430864308029413e-05,-1.3,0.0,-13,0
125,0.0016841988544911146,0.0016505673993378878,3.363145515322685e-05,0.1,0.2,1,2
442,0.0004142530669923872,0.00038071893504820764,3.3534131944179535e-05,-1.4,0.2,-14,2
215,0.0003807710891123861,0.00034749539918266237,3.327568992972374e-05,0.3,0.0,3,0
218,8.59973079059273e-05,5.294216316542588e-05,3.305514474050142e-05,-0.1,-0.2,-1,-2
360,0.0002819955116137862,0.0002491661289241165,3.282938268966973e-05,0.0,0.1,0,1
541,0.0005433784099295735,0.0005107689066790044,3.2609503250569105e-05,-0.1,0.2,-1,2
496,0.00116541120223701,0.0011333378497511148,3.207335248589516e-05,0.1,0.2,1,2
1,0.00015573360724374652,0.000123728605103679,3.200500214006752e-05,-0.1,0.0,-1,0
466,0.00010568503057584167,7.464409281965345e-05,3.1040937756188214e-05,0.2,0.0,2,0
95,0.0009228399721905589,0.0008918800158426166,3.095995634794235e-05,0.1,-0.1,1,-1
317,0.0003989321121480316,0.0003680082445498556,3.0923867598176e-05,0.0,-0.1,0,-1
286,0.0005025928257964551,0.0004717819392681122,3.081088652834296e-05,-0.3,-0.2,-3,-2
371,0.00044799671741202474,0.0004172247718088329,3.077194560319185e-05,0.1,-0.1,1,-1
402,0.00012490784865804017,9.418490662937984e-05,3.072294202866033e-05,0.1,0.0,1,0
391,0.000335230550263077,0.0003045359335374087,3.069461672566831e-05,-2.4,0.0,-24,0
558,0.00022411700047086924,0.00019346430781297386,3.0652692657895386e-05,-0.1,0.0,-1,0
323,0.00030660786433145404,0.00027606848743744195,3.0539376894012094e-05,0.3,-0.2,3,-2
101,0.0018170274561271071,0.001787471934221685,2.955552190542221e-05,0.0,0.0,0,0
119,0.0016064743977040052,0.0015770926838740706,2.9381713829934597e-05,0.2,0.1,2,1
415,0.00021702723461203277,0.0001877154572866857,2.9311777325347066e-05,-0.1,0.0,-1,0
84,0.001098783453926444,0.0010695720557123423,2.921139821410179e-05,-0.3,0.0,-3,0
562,0.00025426072534173727,0.00022539333440363407,2.88673909381032e-05,0.0,-0.1,0,-1
10,0.00023056045756675303,0.000201863469555974,2.8696988010779023e-05,0.3,-0.2,3,-2
186,0.0009897612035274506,0.0009612200665287673,2.8541136998683214e-05,0.2,0.2,2,2
564,9.743248665472493e-05,6.903304165462032e-05,2.8399445000104606e-05,0.4,-0.1,4,-1
306,0.0001866323727881536,0.0001583526172908023,2.827975549735129e-05,0.5,0.0,5,0
163,0.0008457561489194632,0.0008175641996785998,2.8191949240863323e-05,-0.3,0.1,-3,1
325,0.00016007143130991608,0.00013188456068746746,2.8186870622448623e-05,0.4,0.2,4,2
318,0.00037954372237436473,0.0003516489523462951,2.7894770028069615e-05,0.3,-0.1,3,-1
385,0.0006083553889766335,0.000580556399654597,2.7798989322036505e-05,0.2,0.1,2,1
369,0.0003545936197042465,0.00032709387596696615,2.749974373728037e-05,0.2,0.1,2,1
6,0.00011423167597968131,8.692704432178289e-05,2.7304631657898426e-05,0.1,0.1,1,1
203,0.001273276167921722,0.001246138708665967,2.7137459255754948e-05,-0.3,0.5,-3,5
82,0.00048737291945144534,0.00046097609447315335,2.639682497829199e-05,1.5,-0.5,15,-5
201,0.0008772361325100064,0.0008508406463079154,2.639548620209098e-05,0.0,-0.1,0,-1
183,0.00115318619646132,0.0011268546804785728,2.6331515982747078e-05,0.2,-0.2,2,-2
569,9.550211689202115e-05,6.917840801179409e-05,2.632370888022706e-05,-0.2,0.2,-2,2
273,0.0002574132231529802,0.00023122299171518534,2.6190231437794864e-05,-0.1,-0.2,-1,-2
281,0.0002861426619347185,0.0002602364111226052,2.5906250812113285e-05,0.1,0.1,1,1
130,0.0025274152867496014,0.002501582959666848,2.583232708275318e-05,-0.1,0.1,-1,1
229,6.703871622448787e-05,4.134277332923375e-05,2.569594289525412e-05,0.2,-0.1,2,-1
66,0.0009162493515759706,0.0008905893191695213,2.5660032406449318e-05,-0.2,-0.2,-2,-2
529,0.0003986494557466358,0.0003730151802301407,2.563427551649511e-05,-1.0,0.0,-10,0
583,8.903015259420499e-05,6.355946970870718e-05,2.547068288549781e-05,1.2,0.1,12,1
72,0.0004990450106561184,0.0004745875485241413,2.445746213197708e-05,-0.3,0.0,-3,0
575,3.11528128804639e-05,6.905908776388969e-06,2.424690410407493e-05,0.4,-0.1,4,-1
321,0.00033329203142784536,0.0003092274710070342,2.4064560420811176e-05,0.1,-0.2,1,-2
216,0.0004583658592309803,0.0004343045875430107,2.4061271687969565e-05,-0.1,0.0,-1,0
266,0.00010421950719319284,8.025731949601322e-05,2.3962187697179615e-05,-0.5,0.0,-5,0
503,0.000364744191756472,0.00034093501744791865,2.3809174308553338e-05,-1.0,0.0,-10,0
226,0.0001539714285172522,0.00013017927994951606,2.379214856773615e-05,0.4,0.2,4,2
121,0.0015355607029050589,0.0015119429444894195,2.36177584156394e-05,0.1,0.1,1,1
412,0.00042299932101741433,0.00039946846663951874,2.3530854377895594e-05,0.2,0.0,2,0
540,0.0003767606685869396,0.0003532581031322479,2.350256545469165e-05,0.6,0.5,6,5
445,0.000787752796895802,0.0007642509299330413,2.3501866962760687e-05,0.3,-0.1,3,-1
25,5.181601591175422e-05,2.900622712331824e-05,2.280978878843598e-05,2.5,0.0,25,0
175,0.0008161658188328147,0.0007934790337458253,2.2686785086989403e-05,-0.2,0.0,-2,0
195,0.0009639720665290952,0.0009413090883754194,2.2662978153675795e-05,0.3,-0.7,3,-7
497,0.0008257849840447307,0.0008032956393435597,2.248934470117092e-05,-0.4,-0.1,-4,-1
108,0.0022011850960552692,0.0021787146106362343,2.2470485419034958e-05,0.0,-0.1,0,-1
151,0.0010302719892933965,0.0010079870698973536,2.2284919396042824e-05,0.0,-0.2,0,-2
447,0.00041921547381207347,0.0003973245620727539,2.1890911739319563e-05,-0.9,0.0,-9,0
543,0.0005319162155501544,0.0005102641298435628,2.1652085706591606e-05,-0.4,0.2,-4,2
145,0.0007136286585591733,0.0006919977022334933,2.1630956325680017e-05,-0.3,-0.3,-3,-3
174,0.000656044518109411,0.0006350732874125242,2.0971230696886778e-05,-0.4,0.2,-4,2
387,0.0003691217571031302,0.0003482441825326532,2.087757457047701e-05,0.0,0.2,0,2
487,0.00046258277143351734,0.00044171730405651033,2.0865467377007008e-05,-0.1,0.1,-1,1
437,0.00047566485591232777,0.00045496568782255054,2.069916808977723e-05,0.6,-0.1,6,-1
589,4.62588868685998e-05,2.5636973077780567e-05,2.0621913790819235e-05,0.1,0.1,1,1
493,0.00024038359697442502,0.00021984867635183036,2.0534920622594655e-05,0.3,0.2,3,2
299,0.0002730505948420614,0.0002529923804104328,2.0058214431628585e-05,-0.1,-0.1,-1,-1
338,0.0002429590094834566,0.00022373383399099112,1.9225175492465496e-05,0.3,0.0,3,0
30,2.6276347853126936e-05,7.053767149045598e-06,1.9222580704081338e-05,0.2,-0.1,2,-1
294,0.0005751524004153907,0.0005559602286666632,1.919217174872756e-05,0.5,0.0,5,0
140,0.0004549739824142307,0.000436158588854596,1.8815393559634686e-05,0.1,-0.1,1,-1
560,0.00016113411402329803,0.00014246227510739118,1.8671838915906847e-05,0.0,0.2,0,2
561,0.0002507869794499129,0.00023213714302983135,1.8649836420081556e-05,-0.4,0.0,-4,0
71,0.0003523447085171938,0.0003339247778058052,1.8419930711388588e-05,-0.3,0.2,-3,2
139,0.0014818849740549922,0.0014634758699685335,1.8409104086458683e-05,0.1,-0.1,1,-1
161,0.0007294570095837116,0.0007114548934623599,1.800211612135172e-05,0.0,-0.1,0,-1
450,0.0004562193062156439,0.0004383811610750854,1.783814514055848e-05,0.2,0.0,2,0
574,2.1688654669560492e-05,4.2054462028318085e-06,1.7483208466728684e-05,0.1,-0.5,1,-5
257,0.00011060947872465476,9.402235446032137e-05,1.6587124264333397e-05,0.2,0.2,2,2
592,7.04399062669836e-05,5.3902549552731216e-05,1.6537356714252383e-05,2.9,0.0,29,0
204,0.000813710386864841,0.0007973342435434461,1.637614332139492e-05,0.3,-0.1,3,-1
94,0.00038921943632885814,0.00037297751987352967,1.6241916455328465e-05,-0.1,0.0,-1,0
357,0.00016280349518638104,0.0001468943664804101,1.5909128705970943e-05,-2.5,0.5,-25,5
154,0.0006188071565702558,0.0006029527867212892,1.58543698489666e-05,-0.4,0.1,-4,1
196,0.0016083664959296584,0.0015925534535199404,1.5813042409718037e-05,0.0,0.2,0,2
388,7.73907158873044e-05,6.157916504889727e-05,1.581155083840713e-05,0.5,0.1,5,1
443,0.0005008256412111223,0.00048505677841603756,1.5768862795084715e-05,0.3,0.0,3,0
171,0.001583137083798647,0.001567369094118476,1.5767989680171013e-05,0.3,0.2,3,2
105,0.0021375371143221855,0.0021219239570200443,1.561315730214119e-05,0.1,0.1,1,1
200,0.0013501213397830725,0.0013345660408958793,1.5555298887193203e-05,0.2,0.2,2,2
115,0.0006727889995090663,0.0006572646088898182,1.5524390619248152e-05,0.0,0.1,0,1
146,0.0006615101592615247,0.0006462474702857435,1.5262688975781202e-05,0.3,-0.1,3,-1
33,0.0004347367212176323,0.00041949277510866523,1.5243946108967066e-05,0.1,-0.2,1,-2
458,8.910145697882399e-05,7.420912879751995e-05,1.4892328181304038e-05,0.0,0.1,0,1
542,0.0004713154339697212,0.00045654113637283444,1.4774297596886754e-05,-0.3,0.0,-3,0
44,2.9448649002006277e-05,1.4806486433371902e-05,1.4642162568634376e-05,-0.4,-0.2,-4,-2
224,6.642532389378175e-05,5.188750947127119e-05,1.4537814422510564e-05,-0.6,0.0,-6,0
156,0.0008674985729157925,0.0008532167412340641,1.4281831681728363e-05,0.1,0.0,1,0
122,0.0009904587641358376,0.0009762669797055423,1.4191784430295229e-05,0.1,0.0,1,0
24,4.995577546651475e-05,3.583735815482214e-05,1.411841731169261e-05,-0.2,0.1,-2,1
41,2.9750706744380295e-05,1.5870804418227635e-05,1.387990232615266e-05,0.5,-0.1,5,-1
210,0.00030700123170390725,0.0002931297931354493,1.3871438568457961e-05,0.0,0.2,0,2
279,0.0003597635659389198,0.0003460785374045372,1.3685028534382582e-05,0.2,0.1,2,1
519,0.00036853231722489,0.0003549087268766016,1.3623590348288417e-05,0.4,-0.1,4,-1
147,0.0013121238444000483,0.0012985151261091232,1.3608718290925026e-05,0.1,0.0,1,0
240,3.496924909995869e-05,2.1392021153587848e-05,1.357722794637084e-05,-1.1,-0.2,-11,-2
467,4.869812983088195e-05,3.5283777833683416e-05,1.3414351997198537e-05,0.0,-0.1,0,-1
18,7.69941252656281e-05,6.358596147038043e-05,1.3408163795247674e-05,-0.1,-0.1,-1,-1
374,0.0001719476276775822,0.00015860990970395505,1.333771797362715e-05,0.1,-0.1,1,-1
21,1.8718195860856213e-05,5.414158295025118e-06,1.3304037565831095e-05,-0.3,0.0,-3,0
566,0.00014464266132563353,0.0001314771652687341,1.3165496056899428e-05,-0.3,0.1,-3,1
590,5.084837175672874e-05,3.777592064579949e-05,1.307245111092925e-05,-0.5,0.0,-5,0
476,7.611998444190249e-05,6.321922410279512e-05,1.2900760339107364e-05,0.1,-0.1,1,-1
8,0.000157286471221596,0.0001443973305867985,1.2889140634797513e-05,0.5,-0.1,5,-1
351,0.00029997946694493294,0.00028718868270516396,1.2790784239768982e-05,0.3,-0.1,3,-1
508,0.00041431019781157374,0.00040173481102101505,1.2575386790558696e-05,0.3,0.1,3,1
379,0.00013514423335436732,0.00012264325050637126,1.2500982847996056e-05,0.1,-0.2,1,-2
359,0.0002719918265938759,0.00025950808776542544,1.2483738828450441e-05,0.4,0.2,4,2
409,0.000288612674921751,0.00027627902454696596,1.2333650374785066e-05,0.4,-0.1,4,-1
502,0.0003355748485773802,0.00032348051900044084,1.2094329576939344e-05,0.4,-0.1,4,-1
232,0.0003433595411479473,0.0003314268251415342,1.1932716006413102e-05,0.1,0.1,1,1
599,5.029624662711285e-05,3.853437374345958e-05,1.1761872883653268e-05,0.1,0.0,1,0
3,4.04011043428909e-05,2.870527168852277e-05,1.1695832654368132e-05,-0.3,-0.2,-3,-2
572,4.736953997053206e-05,3.5777848097495735e-05,1.1591691873036325e-05,2.5,-0.4,25,-4
322,0.00036756874760612845,0.0003559816104825586,1.1587137123569846e-05,0.2,0.0,2,0
469,2.0052659237990156e-05,8.477527444483712e-06,1.1575131793506444e-05,0.9,-0.5,9,-5
303,0.0003387979813851416,0.00032740802271291614,1.1389958672225475e-05,0.2,-0.1,2,-1
170,0.0010223640128970146,0.0010110505390912294,1.1313473805785179e-05,0.1,0.1,1,1
17,6.243019015528262e-05,5.112678263685666e-05,1.1303407518425956e-05,-0.3,-0.2,-3,-2
157,0.0010256085079163313,0.001014498993754387,1.110951416194439e-05,0.1,0.1,1,1
250,9.546282672090456e-05,8.4364102804102e-05,1.1098723916802555e-05,0.0,-0.2,0,-2
166,0.001667907228693366,0.001656877575442195,1.1029653251171112e-05,0.0,-0.1,0,-1
14,4.6485998609568924e-05,3.55131269316189e-05,1.0972871677950025e-05,-0.2,0.0,-2,0
187,0.0012685114052146673,0.0012576008448377252,1.0910560376942158e-05,0.0,0.1,0,1
531,0.0003296514041721821,0.00031886479700915515,1.0786607163026929e-05,0.3,-0.1,3,-1
468,7.892388384789228e-05,6.815187225583941e-05,1.0772011592052877e-05,0.4,0.2,4,2
556,0.0003254227340221405,0.00031466453219763935,1.0758201824501157e-05,0.3,-0.1,3,-1
127,0.0015078147407621145,0.0014971178025007248,1.0696938261389732e-05,0.4,-0.2,4,-2
182,0.0007621207041665912,0.0007514953031204641,1.0625401046127081e-05,-0.1,0.1,-1,1
219,0.00011103782890131697,0.00010042889334727079,1.0608935554046184e-05,1.9,-0.2,19,-2
159,0.001886110519990325,0.0018756722565740347,1.0438263416290283e-05,0.0,-0.1,0,-1
475,7.471151184290648e-05,6.436285184463486e-05,1.0348659998271614e-05,-0.3,0.0,-3,0
352,0.0003081074100919068,0.0002979914133902639,1.0115996701642871e-05,-0.3,0.0,-3,0
76,0.00034640845842659473,0.00033643055940046906,9.97789902612567e-06,-0.1,-0.1,-1,-1
353,0.000296891201287508,0.0002870185999199748,9.872601367533207e-06,0.0,0.1,0,1
492,0.0006616660393774509,0.0006519925664179027,9.673472959548235e-06,0.1,-0.1,1,-1
517,0.0004507350386120379,0.0004410978581290692,9.637180482968688e-06,0.1,-0.2,1,-2
398,8.731633715797216e-05,7.770069350954145e-05,9.615643648430705e-06,0.1,-0.2,1,-2
242,4.908181290375069e-05,3.954336716560647e-05,9.538445738144219e-06,-1.0,-0.5,-10,-5
247,0.00022613638429902494,0.0002166080375900492,9.528346708975732e-06,0.3,-0.1,3,-1
292,0.0005197119317017496,0.0005103288567624986,9.383074939250946e-06,0.0,0.2,0,2
233,0.0001479141355957836,0.00013872022100258619,9.193914593197405e-06,0.1,0.2,1,2
93,0.0009772272314876318,0.0009681444498710334,9.082781616598368e-06,0.0,0.1,0,1
586,0.00016726953617762774,0.00015825295122340322,9.016584954224527e-06,0.0,-0.1,0,-1
482,0.00028999659116379917,0.0002810416044667363,8.95498669706285e-06,-0.1,0.0,-1,0
585,8.349131530849263e-05,7.457663014065474e-05,8.914685167837888e-06,0.4,0.1,4,1
395,0.00033237188472412527,0.0003235265030525625,8.845381671562791e-06,-0.2,0.1,-2,1
491,0.0003025906626135111,0.0002938195248134434,8.771137800067663e-06,0.3,-0.1,3,-1
283,0.0005103261210024357,0.0005015869974158704,8.739123586565256e-06,0.3,-0.1,3,-1
535,0.0005190417869016528,0.0005103284493088722,8.71333759278059e-06,-0.1,0.2,-1,2
48,7.887816900620237e-05,7.031049608485773e-05,8.567672921344638e-06,-0.1,0.1,-1,1
381,0.0005096569075249135,0.0005012818146497011,8.375092875212431e-06,0.1,0.1,1,1
573,2.3783220967743546e-05,1.5438523405464366e-05,8.34469756227918e-06,0.3,0.2,3,2
501,0.0004450436681509018,0.0004367874935269356,8.256174623966217e-06,0.3,0.0,3,0
23,4.332289609010331e-05,3.526826549204998e-05,8.054630598053336e-06,-1.5,-0.5,-15,-5
527,0.0003172801516484469,0.0003092519473284483,8.028204319998622e-06,0.0,-0.1,0,-1
143,0.001175060635432601,0.0011671311222016811,7.929513230919838e-06,-0.1,0.0,-1,0
397,0.00021298688079696149,0.0002050959737971425,7.89090699981898e-06,0.1,0.0,1,0
329,0.00024043887970037758,0.00023261335445567966,7.825525244697928e-06,0.4,-0.2,4,-2
324,0.0002641679020598531,0.0002563627203926444,7.805181667208672e-06,-0.1,0.0,-1,0
363,0.00017072590708266944,0.00016293329827021807,7.792608812451363e-06,-1.0,0.5,-10,5
89,0.00018200773047283292,0.00017425893747713417,7.74879299569875e-06,-0.1,0.0,-1,0
490,0.0004290003271307796,0.0004213459324091673,7.654394721612334e-06,0.2,-0.1,2,-1
526,0.0005121517460793257,0.0005045535508543253,7.5981952250003815e-06,-0.5,0.0,-5,0
109,0.0007129599107429385,0.0007054052548483014,7.554655894637108e-06,0.1,0.0,1,0
81,0.00044307298958301544,0.0004355855635367334,7.487426046282053e-06,-0.3,0.0,-3,0
52,0.00011195899423910305,0.00010455596202518791,7.4030322139151394e-06,-0.2,0.2,-2,2
4,0.00012289312144275755,0.00011570453352760524,7.188587915152311e-06,-0.2,-0.2,-2,-2
162,0.0004705442697741091,0.00046352180652320385,7.022463250905275e-06,0.1,0.1,1,1
129,0.0013398341834545135,0.0013328390195965767,6.995163857936859e-06,0.1,0.1,1,1
319,0.0002568364143371582,0.00025006901705637574,6.767397280782461e-06,0.3,0.0,3,0
177,0.0015762592665851116,0.0015696445479989052,6.614718586206436e-06,0.1,-0.1,1,-1
438,0.0003833052178379148,0.0003767531015910208,6.552116246894002e-06,0.1,0.2,1,2
505,0.0002512112259864807,0.00024469566415064037,6.5155618358403444e-06,0.2,0.0,2,0
432,0.00020019448129460216,0.0001937207707669586,6.473710527643561e-06,0.4,-0.2,4,-2
506,0.00039904372533783317,0.00039266710518859327,6.376620149239898e-06,0.1,-0.1,1,-1
464,0.00013825057249050587,0.0001318759168498218,6.374655640684068e-06,0.0,0.1,0,1
539,0.0004986721323803067,0.0004923086380586028,6.363494321703911e-06,0.4,0.0,4,0
138,0.001910294173285365,0.0019040153129026294,6.278860382735729e-06,-0.1,0.0,-1,0
27,1.43725474117673e-05,8.094088116195053e-06,6.278459295572247e-06,0.3,0.0,3,0
582,3.756874139071442e-05,3.1477575248572975e-05,6.0911661421414465e-06,-0.1,-0.2,-1,-2
22,7.538367935921997e-05,6.940045568626374e-05,5.983223672956228e-06,0.2,-0.1,2,-1
259,0.00010109817958436906,9.513214172329754e-05,5.966037861071527e-06,-0.2,0.2,-2,2
555,0.00044015911407768726,0.00043425936019048095,5.899753887206316e-06,0.1,0.0,1,0
479,6.491575913969427e-05,5.922644049860537e-05,5.689318641088903e-06,0.3,0.1,3,1
285,0.000829247641377151,0.0008236069697886705,5.6406715884804726e-06,-0.1,0.0,-1,0
100,0.00038011494325473905,0.00037450616946443915,5.6087737902998924e-06,0.0,0.0,0,0
567,9.427929762750864e-05,8.877529762685299e-05,5.504000000655651e-06,0.2,-0.1,2,-1
408,0.00044610194163396955,0.00044060766231268644,5.494279321283102e-06,0.1,0.0,1,0
260,7.255868695210665e-05,6.709404988214374e-05,5.464637069962919e-06,0.0,0.2,0,2
465,0.0001716588158160448,0.00016620445239823312,5.454363417811692e-06,0.0,-0.1,0,-1
56,5.8884987083729357e-05,5.346287798602134e-05,5.422109097708017e-06,-0.4,0.1,-4,1
192,0.0016328624915331602,0.00162772205658257,5.140434950590134e-06,0.0,-0.1,0,-1
495,0.00031158578349277377,0.0003065172932110727,5.068490281701088e-06,0.0,-0.1,0,-1
536,0.0004344821791164577,0.0004294398822821677,5.042296834290028e-06,0.0,0.0,0,0
39,7.858203025534749e-05,7.36998044885695e-05,4.882225766777992e-06,-0.1,-0.1,-1,-1
523,0.00023285583301912993,0.0002280032931594178,4.852539859712124e-06,0.1,0.1,1,1
532,0.00022814952535554767,0.00022332351363729686,4.826011718250811e-06,0.3,0.0,3,0
581,4.675519812735729e-05,4.197610542178154e-05,4.779092705575749e-06,0.0,0.1,0,1
350,0.00015843607252463698,0.00015366653678938746,4.769535735249519e-06,-0.2,-0.1,-2,-1
167,0.0008208236540667713,0.0008160847937688231,4.738860297948122e-06,0.1,0.1,1,1
54,6.791431223973632e-05,6.320774264167994e-05,4.706569598056376e-06,0.2,-0.2,2,-2
571,0.0001070389334927313,0.00010234639921691269,4.692534275818616e-06,0.1,0.0,1,0
384,8.814403554424644e-05,8.357377373613417e-05,4.570261808112264e-06,-0.3,0.1,-3,1
341,0.00023341283667832613,0.00022886684746481478,4.545989213511348e-06,0.4,0.1,4,1
88,0.00033040589187294245,0.0003258690412621945,4.536850610747933e-06,-0.3,0.1,-3,1
424,0.00034298462560400367,0.00033855889341793954,4.425732186064124e-06,0.5,0.0,5,0
297,0.00017216263222508132,0.00016781115846242756,4.351473762653768e-06,-0.3,0.0,-3,0
551,0.0005730789271183312,0.000568745075725019,4.333851393312216e-06,0.0,0.1,0,1
382,0.0002048685564659536,0.00020063653937540948,4.2320170905441046e-06,0.1,0.0,1,0
528,0.0003359864931553602,0.00033176870783790946,4.217785317450762e-06,0.4,0.2,4,2
150,0.002248547039926052,0.0022443353664129972,4.211673513054848e-06,0.0,-0.1,0,-1
568,9.17754223337397e-05,8.781295036897063e-05,3.962471964769065e-06,-0.2,-0.2,-2,-2
202,0.0007033386500552297,0.0006994294235482812,3.909226506948471e-06,-0.1,-0.1,-1,-1
378,0.00013334295363165438,0.00012944532500114292,3.897628630511463e-06,0.5,0.0,5,0
406,0.0009309543529525399,0.0009271898306906223,3.764522261917591e-06,0.1,0.2,1,2
40,2.296429556736257e-05,1.9247181626269594e-05,3.7171139410929754e-06,-0.3,0.2,-3,2
181,0.0011628252686932683,0.0011591729708015919,3.652297891676426e-06,0.2,-0.1,2,-1
365,0.00011400511721149087,0.00011040074605261907,3.6043711588717997e-06,0.1,0.2,1,2
584,2.4074510292848572e-05,2.0500709069892764e-05,3.573801222955808e-06,-0.1,-0.1,-1,-1
486,0.00019438721938058734,0.00019100008648820221,3.387132892385125e-06,-0.1,0.1,-1,1
222,0.000964611186645925,0.0009612304857000709,3.380700945854187e-06,0.0,0.0,0,0
349,0.0001891750143840909,0.00018580054165795445,3.374472726136446e-06,0.3,0.1,3,1
376,0.00010829182429006323,0.00010499003110453486,3.3017931855283678e-06,-0.1,0.0,-1,0
364,0.00019858064479194582,0.00019532300939317793,3.2576353987678885e-06,0.0,0.1,0,1
230,0.0001988030708162114,0.0001955497864400968,3.253284376114607e-06,0.1,-0.2,1,-2
155,0.0010686488822102547,0.001065427204594016,3.221677616238594e-06,0.0,0.0,0,0
19,0.00010137238132301718,9.822178981266916e-05,3.150591510348022e-06,0.3,-0.1,3,-1
211,0.0003984184004366398,0.0003953081904910505,3.110209945589304e-06,-0.4,-0.2,-4,-2
70,0.0013422424672171474,0.0013391561806201935,3.086286596953869e-06,0.1,0.0,1,0
461,7.669082697248086e-05,7.371172978309914e-05,2.9790971893817186e-06,0.1,-0.1,1,-1
520,0.00046833555097691715,0.0004654024669434875,2.9330840334296227e-06,0.0,0.1,0,1
288,0.0004038703045807779,0.00040096798329614103,2.902321284636855e-06,0.0,0.2,0,2
5,2.816152664308902e-05,2.5348044800921343e-05,2.8134818421676755e-06,-0.2,0.1,-2,1
77,0.00048079248517751694,0.00047801792970858514,2.774555468931794e-06,0.1,0.1,1,1
331,0.0002160785224987194,0.0002134060487151146,2.6724737836048007e-06,0.1,-0.1,1,-1
393,9.169369877781719e-05,8.907794108381495e-05,2.615757694002241e-06,0.2,-0.1,2,-1
178,0.0006568461540155113,0.0006542981136590242,2.5480403564870358e-06,0.1,0.1,1,1
142,0.0010406972141936421,0.0010381548199802637,2.5423942133784294e-06,-0.1,0.1,-1,1
380,0.0001237802061950788,0.00012124099885113537,2.539207343943417e-06,-0.4,0.1,-4,1
209,0.00018187533714808524,0.00017960669356398284,2.268643584102392e-06,0.2,-0.2,2,-2
26,3.0285815228126012e-05,2.802378367050551e-05,2.262031557620503e-06,-0.3,-0.2,-3,-2
460,9.3296795967035e-05,9.109328675549477e-05,2.203509211540222e-06,0.2,0.1,2,1
35,4.876491948380135e-05,4.6640107029816136e-05,2.1248124539852142e-06,0.1,-0.1,1,-1
591,3.791467679548077e-05,3.5796612792182714e-05,2.118064003298059e-06,0.0,0.0,0,0
298,0.00021739843941759318,0.00021529800142161548,2.1004379959776998e-06,0.0,-0.1,0,-1
190,0.0008878259686753154,0.000885840505361557,1.9854633137583733e-06,0.0,0.1,0,1
553,0.0006964680505916476,0.0006945045897737145,1.9634608179330826e-06,0.0,0.0,0,0
441,0.0010657478123903275,0.0010638025123625994,1.9453000277280807e-06,0.0,0.0,0,0
131,0.0019024834036827087,0.0019005397334694862,1.9436702132225037e-06,0.0,0.0,0,0
419,9.99676703941077e-05,9.814360237214714e-05,1.8240680219605565e-06,0.0,-0.1,0,-1
588,2.1618809114443138e-05,1.9798810171778314e-05,1.8199989426648244e-06,0.0,-0.1,0,-1
206,0.0011571820359677076,0.0011554270749911666,1.7549609765410423e-06,0.0,-0.1,0,-1
463,1.4092214769334532e-05,1.2358837921055965e-05,1.7333768482785672e-06,-1.0,0.0,-10,0
471,0.0002132042427547276,0.00021153828129172325,1.6659614630043507e-06,0.0,0.0,0,0
407,0.00010272292274748906,0.00010113847383763641,1.5844489098526537e-06,0.0,-0.1,0,-1
335,0.00020537599630188197,0.00020386719552334398,1.5088007785379887e-06,0.0,0.1,0,1
74,0.000625013723038137,0.0006235352484509349,1.4784745872020721e-06,0.0,0.0,0,0
565,6.333376950351521e-05,6.189134728629142e-05,1.4424222172237933e-06,0.1,0.2,1,2
483,0.00041708757635205984,0.00041564577259123325,1.4418037608265877e-06,-0.1,0.1,-1,1
253,0.00014615256804972887,0.0001447207760065794,1.4317920431494713e-06,0.0,-0.1,0,-1
160,0.0009326291037723422,0.0009312440524809062,1.385051291435957e-06,0.0,-0.1,0,-1
332,0.0003745836147572845,0.0003732218756340444,1.3617391232401133e-06,0.3,0.2,3,2
111,0.0007865201914682984,0.0007851709960959852,1.349195372313261e-06,-0.1,0.0,-1,0
135,0.0015659509226679802,0.0015646535903215408,1.2973323464393616e-06,0.2,-0.1,2,-1
545,0.0004908747505396605,0.000489619851578027,1.2548989616334438e-06,-0.2,-0.2,-2,-2
194,0.0009770930046215653,0.0009758856613188982,1.207343302667141e-06,0.0,-0.1,0,-1
356,0.00018662557704374194,0.00018542457837611437,1.200998667627573e-06,-0.1,0.0,-1,0
477,2.9950202588224784e-05,2.87715138256317e-05,1.178688762593083e-06,0.1,-0.1,1,-1
472,9.900397344608791e-06,8.783841622062027e-06,1.1165557225467637e-06,-0.1,-0.1,-1,-1
199,0.0007715375977568328,0.000770447077229619,1.0905205272138119e-06,0.0,0.0,0,0
440,0.00037037418223917484,0.00036930968053638935,1.064501702785492e-06,0.0,0.0,0,0
534,0.0002919967519119382,0.00029094514320604503,1.051608705893159e-06,0.0,0.0,0,0
594,7.440059562213719e-06,6.45073805571883e-06,9.89321506494889e-07,-0.4,0.0,-4,0
480,8.02923459559679e-05,7.933357119327411e-05,9.587747626937926e-07,0.0,0.0,0,0
587,3.658442437881604e-06,2.761058567557484e-06,8.973838703241199e-07,0.3,0.1,3,1
149,0.0016799019649624825,0.0016790273366495967,8.746283128857613e-07,0.0,0.0,0,0
439,0.000812740414403379,0.0008118689875118434,8.714268915355206e-07,0.0,0.0,0,0
37,2.6405206881463528e-05,2.554175262048375e-05,8.634542609797791e-07,0.0,-0.1,0,-1
248,0.00012264428369235247,0.00012179451732663438,8.497663657180965e-07,0.0,0.0,0,0
320,0.0002546776086091995,0.00025388150243088603,7.961061783134937e-07,0.0,-0.1,0,-1
368,0.00046061439206823707,0.00045989974751137197,7.146445568650961e-07,0.0,0.0,0,0
342,0.00022980474750511348,0.00022911516134627163,6.895861588418484e-07,0.2,0.0,2,0
578,7.934155291877687e-05,7.866702799219638e-05,6.745249265804887e-07,0.5,0.0,5,0
29,1.7951362679013982e-05,1.727789276628755e-05,6.734699127264321e-07,0.0,0.0,0,0
60,0.0014233887195587158,0.0014227342326194048,6.544869393110275e-07,-0.1,-0.1,-1,-1
262,0.00016366277122870088,0.00016305234748870134,6.104237399995327e-07,0.0,0.0,0,0
455,5.161641092854552e-05,5.101552960695699e-05,6.008813215885311e-07,0.0,-0.1,0,-1
327,0.00027133533149026334,0.0002708223764784634,5.129550117999315e-07,0.0,0.0,0,0
47,2.791206497931853e-05,2.7412937924964353e-05,4.991270543541759e-07,0.0,0.0,0,0
316,0.000267683994024992,0.0002671859401743859,4.980538506060839e-07,0.0,0.0,0,0
494,0.0004038283077534288,0.00040333200013265014,4.963076207786798e-07,0.0,0.0,0,0
207,0.00044593107304535806,0.0004454525769688189,4.784960765391588e-07,0.0,-0.2,0,-2
375,3.137584644719027e-05,3.0905026505934075e-05,4.708199412561953e-07,0.2,0.1,2,1
347,0.00020775251323357224,0.0002072860224870965,4.6649074647575617e-07,0.0,0.1,0,1
132,0.001237970544025302,0.0012375214137136936,4.491303116083145e-07,0.1,0.0,1,0
270,0.00014272850239649415,0.00014228162763174623,4.4687476474791765e-07,0.0,0.0,0,0
92,0.0010665958980098367,0.0010661552660167217,4.4063199311494827e-07,0.0,0.0,0,0
563,0.00011491424811538309,0.00011450114834588021,4.130997695028782e-07,0.0,0.0,0,0
446,0.0001238552649738267,0.00012345871073193848,3.965542418882251e-07,0.0,0.0,0,0
413,0.0002192262327298522,0.00021883647423237562,3.8975849747657776e-07,0.0,0.0,0,0
389,6.832899816799909e-05,6.794524233555421e-05,3.8375583244487643e-07,0.0,0.0,0,0
593,5.3254872909747064e-05,5.289715409162454e-05,3.5771881812252104e-07,0.0,-0.2,0,-2
410,0.0005686018848791718,0.0005682720802724361,3.2980460673570633e-07,0.0,0.0,0,0
49,5.306499224388972e-05,5.273898568702862e-05,3.260065568611026e-07,0.0,0.0,0,0
144,0.0011885151034221053,0.0011881908867508173,3.2421667128801346e-07,0.0,0.0,0,0
15,3.0759372748434544e-05,3.0438959583989345e-05,3.2041316444519907e-07,0.0,0.0,0,0
557,0.00021648329857271165,0.00021617801394313574,3.052846295759082e-07,0.0,0.0,0,0
516,0.0003635194734670222,0.0003632228763308376,2.9659713618457317e-07,0.0,0.0,0,0
50,2.2544822058989666e-05,2.2253085262491368e-05,2.9173679649829865e-07,0.0,0.0,0,0
448,0.00018551018729340285,0.00018523159087635577,2.785964170470834e-07,0.1,0.0,1,0
548,0.0006716670468449593,0.0006713949842378497,2.7206260710954666e-07,0.0,0.0,0,0
489,0.00018247400294058025,0.00018221006030216813,2.6394263841211796e-07,0.0,0.0,0,0
113,0.0012671522563323379,0.0012668912531808019,2.6100315153598785e-07,0.0,-0.1,0,-1
570,0.00010155172640224919,0.00010129383008461446,2.5789631763473153e-07,0.0,0.0,0,0
310,0.0010822389740496874,0.0010819843737408519,2.5460030883550644e-07,0.0,0.0,0,0
90,0.0010998670477420092,0.0010996710043400526,1.9604340195655823e-07,0.0,0.0,0,0
43,7.877992902649567e-05,7.86035816418007e-05,1.763473846949637e-07,0.0,0.0,0,0
239,2.123469857906457e-05,2.107653381244745e-05,1.581647666171193e-07,0.0,0.0,0,0
394,1.3597898941952735e-05,1.3464889889291953e-05,1.330090526607819e-07,0.0,0.1,0,1
512,0.0004854889994021505,0.0004853608552366495,1.281441655009985e-07,0.0,0.0,0,0
579,7.097400157363154e-06,7.002265192568302e-06,9.513496479485184e-08,0.0,0.0,0,0
123,0.0008287223754450679,0.0008286486263386905,7.37491063773632e-08,0.0,0.0,0,0
362,0.00017198652494698763,0.00017191311053466052,7.341441232711077e-08,0.0,0.0,0,0
462,6.267896969802678e-05,6.261051748879254e-05,6.845220923423767e-08,0.0,0.0,0,0
55,0.0002096326497849077,0.00020956752996426076,6.511982064694166e-08,0.0,0.0,0,0
238,0.0003325432480778545,0.0003324811113998294,6.213667802512646e-08,0.0,0.0,0,0
372,0.0003213920281268656,0.0003213402524124831,5.177571438252926e-08,0.0,0.0,0,0
7,1.2518381481640972e-05,1.246701503987424e-05,5.136644176673144e-08,0.0,-0.1,0,-1
51,0.0001363215851597488,0.0001362734765280038,4.810863174498081e-08,0.0,0.0,0,0
245,5.193662582314573e-05,5.1894792704842985e-05,4.183311830274761e-08,0.0,0.0,0,0
336,0.00028064363868907094,0.0002806035045068711,4.013418219983578e-08,0.0,0.0,0,0
212,0.00043462865869514644,0.0004345917550381273,3.6903657019138336e-08,0.0,0.0,0,0
405,0.0002547145704738796,0.00025468081003054976,3.3760443329811096e-08,0.0,0.0,0,0
225,0.00012667413102462888,0.0001266569597646594,1.7171259969472885e-08,0.0,0.0,0,0
499,0.0005126935429871082,0.0005126870237290859,6.51925802230835e-09,0.0,0.0,0,0
16,1.6205038264160976e-05,1.6202877304749563e-05,2.1609594114124775e-09,0.0,0.0,0,0
38,2.4684693926246837e-05,2.469015817041509e-05,-5.464244168251753e-09,0.0,0.0,0,0
498,0.0002683032362256199,0.00026831089053303003,-7.654307410120964e-09,0.0,0.0,0,0
515,0.00013588964066002518,0.00013590208254754543,-1.2441887520253658e-08,0.0,0.0,0,0
507,0.0003479612059891224,0.0003479770093690604,-1.58033799380064e-08,0.0,0.0,0,0
179,0.0012843389995396137,0.0012843564618378878,-1.7462298274040222e-08,0.0,0.0,0,0
429,0.0005653653061017394,0.0005654259584844112,-6.065238267183304e-08,0.0,0.0,0,0
544,0.0005136511172167957,0.0005137167754583061,-6.565824151039124e-08,0.0,0.0,0,0
20,4.377351615403313e-06,4.4450484892877284e-06,-6.769687388441525e-08,0.0,0.0,0,0
337,0.00014483380073215812,0.0001449130941182375,-7.929338607937098e-08,0.0,0.0,0,0
208,0.000404346123104915,0.0004044734814669937,-1.273583620786667e-07,0.0,0.0,0,0
552,0.0008869192097336054,0.0008870737510733306,-1.5454133972525597e-07,0.0,0.0,0,0
433,0.0007568701985292137,0.0007570252637378871,-1.5506520867347717e-07,0.0,0.0,0,0
411,0.0004992698086425662,0.0004994274931959808,-1.576845534145832e-07,0.0,0.0,0,0
533,0.00041569536551833153,0.00041586090810596943,-1.655425876379013e-07,0.0,0.0,0,0
358,0.0001765507913660258,0.0001767176145222038,-1.668231561779976e-07,0.1,0.0,1,0
246,0.00016119959764182568,0.00016138606588356197,-1.8646824173629284e-07,0.0,0.0,0,0
521,0.0006638512713834643,0.0006640421925112605,-1.909211277961731e-07,0.0,0.0,0,0
421,0.0008881629328243434,0.0008883925620466471,-2.2962922230362892e-07,0.0,0.0,0,0
265,2.7236024834564887e-05,2.75006823358126e-05,-2.646575012477115e-07,0.0,0.0,0,0
344,0.00030616793083027005,0.00030645140213891864,-2.8347130864858627e-07,0.0,0.0,0,0
485,8.767055987846106e-05,8.796547626843676e-05,-2.949163899756968e-07,0.0,0.0,0,0
525,0.00031082556233741343,0.0003111362166237086,-3.1065428629517555e-07,0.0,0.0,0,0
136,0.002296046819537878,0.0022963969968259335,-3.501772880554199e-07,0.1,0.0,1,0
0,3.6376804928295314e-05,3.6781431845156476e-05,-4.046269168611616e-07,0.0,0.0,0,0
244,4.718454147223383e-05,4.7595647629350424e-05,-4.1110615711659193e-07,0.0,0.0,0,0
198,0.001935092732310295,0.0019355083350092173,-4.156026989221573e-07,0.0,0.0,0,0
28,2.049642898782622e-05,2.0942050468875095e-05,-4.4562148104887456e-07,0.0,0.0,0,0
559,0.00012713934120256454,0.00012759129458572716,-4.519533831626177e-07,0.0,0.0,0,0
256,7.937228656373918e-05,7.983094837982208e-05,-4.586618160828948e-07,0.0,0.0,0,0
87,0.0002288645482622087,0.00022935165907256305,-4.87110810354352e-07,0.0,0.0,0,0
36,3.39724647346884e-05,3.4479613532312214e-05,-5.071487976238132e-07,0.0,0.0,0,0
68,0.0009191358694806695,0.0009196772589348257,-5.413894541561604e-07,0.0,0.0,0,0
42,0.00013695372035726905,0.00013751738879363984,-5.6366843637079e-07,0.0,0.0,0,0
98,0.0008091788040474057,0.0008097586105577648,-5.798065103590488e-07,0.0,0.0,0,0
251,3.2823205401655287e-05,3.340808689245023e-05,-5.848814907949418e-07,0.0,0.0,0,0
255,5.9180802054470405e-05,5.979045818094164e-05,-6.096561264712363e-07,0.0,0.0,0,0
91,0.00016186447464860976,0.00016249448526650667,-6.300106178969145e-07,0.0,0.0,0,0
176,0.0005081288982182741,0.0005087606841698289,-6.317859515547752e-07,0.0,0.0,0,0
403,9.798505197977647e-05,9.865761967375875e-05,-6.725676939822733e-07,0.0,0.0,0,0
184,0.0011318761389702559,0.0011325861560180783,-7.100170478224754e-07,0.0,0.0,0,0
272,0.00025178221403621137,0.00025260349502786994,-8.212809916585684e-07,0.0,0.0,0,0
112,0.0015292256139218807,0.001530056120827794,-8.30506905913353e-07,0.0,0.0,0,0
185,0.0004746397025883198,0.0004755081026814878,-8.684000931680202e-07,0.0,0.0,0,0
213,0.00024668104015290737,0.00024757999926805496,-8.989591151475906e-07,0.0,0.0,0,0
392,6.108336674515158e-05,6.213478627614677e-05,-1.0514195309951901e-06,0.0,0.0,0,0
168,0.0005397803615778685,0.0005408705910667777,-1.0902294889092445e-06,0.0,0.0,0,0
141,0.002051606075838208,0.0020526964217424393,-1.0903459042310715e-06,0.0,0.0,0,0
252,0.0006029509822838008,0.0006041702581569552,-1.2192758731544018e-06,0.0,0.0,0,0
431,0.0009075189009308815,0.0009089467930607498,-1.427892129868269e-06,0.0,0.0,0,0
164,0.0028514114674180746,0.0028532068245112896,-1.7953570932149887e-06,0.0,0.0,0,0
289,0.0009008198976516724,0.0009026573388837278,-1.8374412320554256e-06,0.0,0.0,0,0
550,0.0009768703021109104,0.0009787159506231546,-1.8456485122442245e-06,0.0,0.0,0,0
454,0.00044183299178257585,0.00044661256833933294,-4.7795765567570925e-06,0.0,0.0,0,0
